STRUCTURE,STRUCTURE_ID,STRUCTURE_NAME,freq,Time frequency,milkitem,Item of milk,dairyprod,Dairy and other animal products (except meat),unit,Unit of measure,geo,Geopolitical entity (reporting),TIME_PERIOD,Time,OBS_VALUE,Observation value,OBS_FLAG,Observation status (Flag) V2 structure,CONF_STATUS,Confidentiality status (flag)
dataflow,ESTAT:APRO_MK_COLM(1.0),Production of main cows' milk products - monthly data,M,Monthly,PRD,Product obtained,D2100,Drinking milk,THS_T,Thousand tonnes,PT,Portugal,1986-01,,0,,n,not significant,,
dataflow,ESTAT:APRO_MK_COLM(1.0),Production of main cows' milk products - monthly data,M,Monthly,PRD,Product obtained,D2100,Drinking milk,THS_T,Thousand tonnes,PT,Portugal,1986-02,,0,,n,not significant,,
dataflow,ESTAT:APRO_MK_COLM(1.0),Production of main cows' milk products - monthly data,M,Monthly,PRD,Product obtained,D2100,Drinking milk,THS_T,Thousand tonnes,PT,Portugal,1986-03,,0,,n,not significant,,
dataflow,ESTAT:APRO_MK_COLM(1.0),Production of main cows' milk products - monthly data,M,Monthly,PRD,Product obtained,D2100,Drinking milk,THS_T,Thousand tonnes,PT,Portugal,1987-01,,51.7,,,,,
dataflow,ESTAT:APRO_MK_COLM(1.0),Production of main cows' milk products - monthly data,M,Monthly,PRD,Product obtained,D2100,Drinking milk,THS_T,Thousand tonnes,PT,Portugal,1987-02,,51.2,,,,,
dataflow,ESTAT:APRO_MK_COLM(1.0),Production of main cows' milk products - monthly data,M,Monthly,PRD,Product obtained,D2100,Drinking milk,THS_T,Thousand tonnes,PT,Portugal,1987-03,,57,,,,,
dataflow,ESTAT:APRO_MK_COLM(1.0),Production of main cows' milk products - monthly data,M,Monthly,PRD,Product obtained,D2100,Drinking milk,THS_T,Thousand tonnes,PT,Portugal,1987-04,,44.8,,,,,
dataflow,ESTAT:APRO_MK_COLM(1.0),Production of main cows' milk products - monthly data,M,Monthly,PRD,Product obtained,D2100,Drinking milk,THS_T,Thousand tonnes,PT,Portugal,1987-05,,58.3,,,,,
dataflow,ESTAT:APRO_MK_COLM(1.0),Production of main cows' milk products - monthly data,M,Monthly,PRD,Product obtained,D2100,Drinking milk,THS_T,Thousand tonnes,PT,Portugal,1987-06,,53.8,,,,,
dataflow,ESTAT:APRO_MK_COLM(1.0),Production of main cows' milk products - monthly data,M,Monthly,PRD,Product obtained,D2100,Drinking milk,THS_T,Thousand tonnes,PT,Portugal,1987-07,,54.5,,,,,
dataflow,ESTAT:APRO_MK_COLM(1.0),Production of main cows' milk products - monthly data,M,Monthly,PRD,Product obtained,D2100,Drinking milk,THS_T,Thousand tonnes,PT,Portugal,1987-08,,52.4,,,,,
dataflow,ESTAT:APRO_MK_COLM(1.0),Production of main cows' milk products - monthly data,M,Monthly,PRD,Product obtained,D2100,Drinking milk,THS_T,Thousand tonnes,PT,Portugal,1987-09,,52.3,,,,,
dataflow,ESTAT:APRO_MK_COLM(1.0),Production of main cows' milk products - monthly data,M,Monthly,PRD,Product obtained,D2100,Drinking milk,THS_T,Thousand tonnes,PT,Portugal,1987-10,,52,,,,,
dataflow,ESTAT:APRO_MK_COLM(1.0),Production of main cows' milk products - monthly data,M,Monthly,PRD,Product obtained,D2100,Drinking milk,THS_T,Thousand tonnes,PT,Portugal,1987-11,,55.2,,,,,
dataflow,ESTAT:APRO_MK_COLM(1.0),Production of main cows' milk products - monthly data,M,Monthly,PRD,Product obtained,D2100,Drinking milk,THS_T,Thousand tonnes,PT,Portugal,1987-12,,55.8,,,,,
dataflow,ESTAT:APRO_MK_COLM(1.0),Production of main cows' milk products - monthly data,M,Monthly,PRD,Product obtained,D2100,Drinking milk,THS_T,Thousand tonnes,PT,Portugal,1988-01,,52.4,,,,,
dataflow,ESTAT:APRO_MK_COLM(1.0),Production of main cows' milk products - monthly data,M,Monthly,PRD,Product obtained,D2100,Drinking milk,THS_T,Thousand tonnes,PT,Portugal,1988-02,,58.1,,,,,
dataflow,ESTAT:APRO_MK_COLM(1.0),Production of main cows' milk products - monthly data,M,Monthly,PRD,Product obtained,D2100,Drinking milk,THS_T,Thousand tonnes,PT,Portugal,1988-03,,61,,,,,
dataflow,ESTAT:APRO_MK_COLM(1.0),Production of main cows' milk products - monthly data,M,Monthly,PRD,Product obtained,D2100,Drinking milk,THS_T,Thousand tonnes,PT,Portugal,1988-04,,57.8,,,,,
dataflow,ESTAT:APRO_MK_COLM(1.0),Production of main cows' milk products - monthly data,M,Monthly,PRD,Product obtained,D2100,Drinking milk,THS_T,Thousand tonnes,PT,Portugal,1988-05,,57,,,,,
dataflow,ESTAT:APRO_MK_COLM(1.0),Production of main cows' milk products - monthly data,M,Monthly,PRD,Product obtained,D2100,Drinking milk,THS_T,Thousand tonnes,PT,Portugal,1988-06,,61.1,,,,,
dataflow,ESTAT:APRO_MK_COLM(1.0),Production of main cows' milk products - monthly data,M,Monthly,PRD,Product obtained,D2100,Drinking milk,THS_T,Thousand tonnes,PT,Portugal,1988-07,,61.1,,,,,
dataflow,ESTAT:APRO_MK_COLM(1.0),Production of main cows' milk products - monthly data,M,Monthly,PRD,Product obtained,D2100,Drinking milk,THS_T,Thousand tonnes,PT,Portugal,1988-08,,51.9,,,,,
dataflow,ESTAT:APRO_MK_COLM(1.0),Production of main cows' milk products - monthly data,M,Monthly,PRD,Product obtained,D2100,Drinking milk,THS_T,Thousand tonnes,PT,Portugal,1988-09,,51.8,,,,,
dataflow,ESTAT:APRO_MK_COLM(1.0),Production of main cows' milk products - monthly data,M,Monthly,PRD,Product obtained,D2100,Drinking milk,THS_T,Thousand tonnes,PT,Portugal,1988-10,,52.8,,,,,
dataflow,ESTAT:APRO_MK_COLM(1.0),Production of main cows' milk products - monthly data,M,Monthly,PRD,Product obtained,D2100,Drinking milk,THS_T,Thousand tonnes,PT,Portugal,1988-11,,57.4,,,,,
dataflow,ESTAT:APRO_MK_COLM(1.0),Production of main cows' milk products - monthly data,M,Monthly,PRD,Product obtained,D2100,Drinking milk,THS_T,Thousand tonnes,PT,Portugal,1988-12,,57.4,,,,,
dataflow,ESTAT:APRO_MK_COLM(1.0),Production of main cows' milk products - monthly data,M,Monthly,PRD,Product obtained,D2100,Drinking milk,THS_T,Thousand tonnes,PT,Portugal,1989-01,,62,,,,,
dataflow,ESTAT:APRO_MK_COLM(1.0),Production of main cows' milk products - monthly data,M,Monthly,PRD,Product obtained,D2100,Drinking milk,THS_T,Thousand tonnes,PT,Portugal,1989-02,,60.2,,,,,
dataflow,ESTAT:APRO_MK_COLM(1.0),Production of main cows' milk products - monthly data,M,Monthly,PRD,Product obtained,D2100,Drinking milk,THS_T,Thousand tonnes,PT,Portugal,1989-03,,66.7,,,,,
dataflow,ESTAT:APRO_MK_COLM(1.0),Production of main cows' milk products - monthly data,M,Monthly,PRD,Product obtained,D2100,Drinking milk,THS_T,Thousand tonnes,PT,Portugal,1989-04,,58.1,,,,,
dataflow,ESTAT:APRO_MK_COLM(1.0),Production of main cows' milk products - monthly data,M,Monthly,PRD,Product obtained,D2100,Drinking milk,THS_T,Thousand tonnes,PT,Portugal,1989-05,,60.2,,,,,
dataflow,ESTAT:APRO_MK_COLM(1.0),Production of main cows' milk products - monthly data,M,Monthly,PRD,Product obtained,D2100,Drinking milk,THS_T,Thousand tonnes,PT,Portugal,1989-06,,58.9,,,,,
dataflow,ESTAT:APRO_MK_COLM(1.0),Production of main cows' milk products - monthly data,M,Monthly,PRD,Product obtained,D2100,Drinking milk,THS_T,Thousand tonnes,PT,Portugal,1989-07,,60.8,,,,,
dataflow,ESTAT:APRO_MK_COLM(1.0),Production of main cows' milk products - monthly data,M,Monthly,PRD,Product obtained,D2100,Drinking milk,THS_T,Thousand tonnes,PT,Portugal,1989-08,,53.7,,,,,
dataflow,ESTAT:APRO_MK_COLM(1.0),Production of main cows' milk products - monthly data,M,Monthly,PRD,Product obtained,D2100,Drinking milk,THS_T,Thousand tonnes,PT,Portugal,1989-09,,47.5,,,,,
dataflow,ESTAT:APRO_MK_COLM(1.0),Production of main cows' milk products - monthly data,M,Monthly,PRD,Product obtained,D2100,Drinking milk,THS_T,Thousand tonnes,PT,Portugal,1989-10,,54.6,,,,,
dataflow,ESTAT:APRO_MK_COLM(1.0),Production of main cows' milk products - monthly data,M,Monthly,PRD,Product obtained,D2100,Drinking milk,THS_T,Thousand tonnes,PT,Portugal,1989-11,,52.2,,,,,
dataflow,ESTAT:APRO_MK_COLM(1.0),Production of main cows' milk products - monthly data,M,Monthly,PRD,Product obtained,D2100,Drinking milk,THS_T,Thousand tonnes,PT,Portugal,1989-12,,57.5,,,,,
dataflow,ESTAT:APRO_MK_COLM(1.0),Production of main cows' milk products - monthly data,M,Monthly,PRD,Product obtained,D2100,Drinking milk,THS_T,Thousand tonnes,PT,Portugal,1990-01,,48.2,,,,,
dataflow,ESTAT:APRO_MK_COLM(1.0),Production of main cows' milk products - monthly data,M,Monthly,PRD,Product obtained,D2100,Drinking milk,THS_T,Thousand tonnes,PT,Portugal,1990-02,,59.6,,,,,
dataflow,ESTAT:APRO_MK_COLM(1.0),Production of main cows' milk products - monthly data,M,Monthly,PRD,Product obtained,D2100,Drinking milk,THS_T,Thousand tonnes,PT,Portugal,1990-03,,63,,,,,
dataflow,ESTAT:APRO_MK_COLM(1.0),Production of main cows' milk products - monthly data,M,Monthly,PRD,Product obtained,D2100,Drinking milk,THS_T,Thousand tonnes,PT,Portugal,1990-04,,63.9,,,,,
dataflow,ESTAT:APRO_MK_COLM(1.0),Production of main cows' milk products - monthly data,M,Monthly,PRD,Product obtained,D2100,Drinking milk,THS_T,Thousand tonnes,PT,Portugal,1990-05,,77.7,,,,,
dataflow,ESTAT:APRO_MK_COLM(1.0),Production of main cows' milk products - monthly data,M,Monthly,PRD,Product obtained,D2100,Drinking milk,THS_T,Thousand tonnes,PT,Portugal,1990-06,,59,,,,,
dataflow,ESTAT:APRO_MK_COLM(1.0),Production of main cows' milk products - monthly data,M,Monthly,PRD,Product obtained,D2100,Drinking milk,THS_T,Thousand tonnes,PT,Portugal,1990-07,,59.4,,,,,
dataflow,ESTAT:APRO_MK_COLM(1.0),Production of main cows' milk products - monthly data,M,Monthly,PRD,Product obtained,D2100,Drinking milk,THS_T,Thousand tonnes,PT,Portugal,1990-08,,53.1,,,,,
dataflow,ESTAT:APRO_MK_COLM(1.0),Production of main cows' milk products - monthly data,M,Monthly,PRD,Product obtained,D2100,Drinking milk,THS_T,Thousand tonnes,PT,Portugal,1990-09,,55.8,,,,,
dataflow,ESTAT:APRO_MK_COLM(1.0),Production of main cows' milk products - monthly data,M,Monthly,PRD,Product obtained,D2100,Drinking milk,THS_T,Thousand tonnes,PT,Portugal,1990-10,,57,,,,,
dataflow,ESTAT:APRO_MK_COLM(1.0),Production of main cows' milk products - monthly data,M,Monthly,PRD,Product obtained,D2100,Drinking milk,THS_T,Thousand tonnes,PT,Portugal,1990-11,,60.8,,,,,
dataflow,ESTAT:APRO_MK_COLM(1.0),Production of main cows' milk products - monthly data,M,Monthly,PRD,Product obtained,D2100,Drinking milk,THS_T,Thousand tonnes,PT,Portugal,1990-12,,59,,,,,
dataflow,ESTAT:APRO_MK_COLM(1.0),Production of main cows' milk products - monthly data,M,Monthly,PRD,Product obtained,D2100,Drinking milk,THS_T,Thousand tonnes,PT,Portugal,1991-01,,61.9,,,,,
dataflow,ESTAT:APRO_MK_COLM(1.0),Production of main cows' milk products - monthly data,M,Monthly,PRD,Product obtained,D2100,Drinking milk,THS_T,Thousand tonnes,PT,Portugal,1991-02,,57.6,,,,,
dataflow,ESTAT:APRO_MK_COLM(1.0),Production of main cows' milk products - monthly data,M,Monthly,PRD,Product obtained,D2100,Drinking milk,THS_T,Thousand tonnes,PT,Portugal,1991-03,,64.7,,,,,
dataflow,ESTAT:APRO_MK_COLM(1.0),Production of main cows' milk products - monthly data,M,Monthly,PRD,Product obtained,D2100,Drinking milk,THS_T,Thousand tonnes,PT,Portugal,1991-04,,63.6,,,,,
dataflow,ESTAT:APRO_MK_COLM(1.0),Production of main cows' milk products - monthly data,M,Monthly,PRD,Product obtained,D2100,Drinking milk,THS_T,Thousand tonnes,PT,Portugal,1991-05,,65,,,,,
dataflow,ESTAT:APRO_MK_COLM(1.0),Production of main cows' milk products - monthly data,M,Monthly,PRD,Product obtained,D2100,Drinking milk,THS_T,Thousand tonnes,PT,Portugal,1991-06,,57.8,,,,,
dataflow,ESTAT:APRO_MK_COLM(1.0),Production of main cows' milk products - monthly data,M,Monthly,PRD,Product obtained,D2100,Drinking milk,THS_T,Thousand tonnes,PT,Portugal,1991-07,,58,,,,,
dataflow,ESTAT:APRO_MK_COLM(1.0),Production of main cows' milk products - monthly data,M,Monthly,PRD,Product obtained,D2100,Drinking milk,THS_T,Thousand tonnes,PT,Portugal,1991-08,,63.8,,,,,
dataflow,ESTAT:APRO_MK_COLM(1.0),Production of main cows' milk products - monthly data,M,Monthly,PRD,Product obtained,D2100,Drinking milk,THS_T,Thousand tonnes,PT,Portugal,1991-09,,60.4,,,,,
dataflow,ESTAT:APRO_MK_COLM(1.0),Production of main cows' milk products - monthly data,M,Monthly,PRD,Product obtained,D2100,Drinking milk,THS_T,Thousand tonnes,PT,Portugal,1991-10,,59.2,,,,,
dataflow,ESTAT:APRO_MK_COLM(1.0),Production of main cows' milk products - monthly data,M,Monthly,PRD,Product obtained,D2100,Drinking milk,THS_T,Thousand tonnes,PT,Portugal,1991-11,,50.3,,,,,
dataflow,ESTAT:APRO_MK_COLM(1.0),Production of main cows' milk products - monthly data,M,Monthly,PRD,Product obtained,D2100,Drinking milk,THS_T,Thousand tonnes,PT,Portugal,1991-12,,54.7,,,,,
dataflow,ESTAT:APRO_MK_COLM(1.0),Production of main cows' milk products - monthly data,M,Monthly,PRD,Product obtained,D2100,Drinking milk,THS_T,Thousand tonnes,PT,Portugal,1992-01,,59,,,,,
dataflow,ESTAT:APRO_MK_COLM(1.0),Production of main cows' milk products - monthly data,M,Monthly,PRD,Product obtained,D2100,Drinking milk,THS_T,Thousand tonnes,PT,Portugal,1992-02,,60.9,,,,,
dataflow,ESTAT:APRO_MK_COLM(1.0),Production of main cows' milk products - monthly data,M,Monthly,PRD,Product obtained,D2100,Drinking milk,THS_T,Thousand tonnes,PT,Portugal,1992-03,,60.9,,,,,
dataflow,ESTAT:APRO_MK_COLM(1.0),Production of main cows' milk products - monthly data,M,Monthly,PRD,Product obtained,D2100,Drinking milk,THS_T,Thousand tonnes,PT,Portugal,1992-04,,61.4,,,,,
dataflow,ESTAT:APRO_MK_COLM(1.0),Production of main cows' milk products - monthly data,M,Monthly,PRD,Product obtained,D2100,Drinking milk,THS_T,Thousand tonnes,PT,Portugal,1992-05,,62.1,,,,,
dataflow,ESTAT:APRO_MK_COLM(1.0),Production of main cows' milk products - monthly data,M,Monthly,PRD,Product obtained,D2100,Drinking milk,THS_T,Thousand tonnes,PT,Portugal,1992-06,,56.8,,,,,
dataflow,ESTAT:APRO_MK_COLM(1.0),Production of main cows' milk products - monthly data,M,Monthly,PRD,Product obtained,D2100,Drinking milk,THS_T,Thousand tonnes,PT,Portugal,1992-07,,59.8,,,,,
dataflow,ESTAT:APRO_MK_COLM(1.0),Production of main cows' milk products - monthly data,M,Monthly,PRD,Product obtained,D2100,Drinking milk,THS_T,Thousand tonnes,PT,Portugal,1992-08,,60.6,,,,,
dataflow,ESTAT:APRO_MK_COLM(1.0),Production of main cows' milk products - monthly data,M,Monthly,PRD,Product obtained,D2100,Drinking milk,THS_T,Thousand tonnes,PT,Portugal,1992-09,,56.1,,,,,
dataflow,ESTAT:APRO_MK_COLM(1.0),Production of main cows' milk products - monthly data,M,Monthly,PRD,Product obtained,D2100,Drinking milk,THS_T,Thousand tonnes,PT,Portugal,1992-10,,52.9,,,,,
dataflow,ESTAT:APRO_MK_COLM(1.0),Production of main cows' milk products - monthly data,M,Monthly,PRD,Product obtained,D2100,Drinking milk,THS_T,Thousand tonnes,PT,Portugal,1992-11,,59.3,,,,,
dataflow,ESTAT:APRO_MK_COLM(1.0),Production of main cows' milk products - monthly data,M,Monthly,PRD,Product obtained,D2100,Drinking milk,THS_T,Thousand tonnes,PT,Portugal,1992-12,,60.5,,,,,
dataflow,ESTAT:APRO_MK_COLM(1.0),Production of main cows' milk products - monthly data,M,Monthly,PRD,Product obtained,D2100,Drinking milk,THS_T,Thousand tonnes,PT,Portugal,1993-01,,61.3,,,,,
dataflow,ESTAT:APRO_MK_COLM(1.0),Production of main cows' milk products - monthly data,M,Monthly,PRD,Product obtained,D2100,Drinking milk,THS_T,Thousand tonnes,PT,Portugal,1993-02,,58.6,,,,,
dataflow,ESTAT:APRO_MK_COLM(1.0),Production of main cows' milk products - monthly data,M,Monthly,PRD,Product obtained,D2100,Drinking milk,THS_T,Thousand tonnes,PT,Portugal,1993-03,,67.2,,,,,
dataflow,ESTAT:APRO_MK_COLM(1.0),Production of main cows' milk products - monthly data,M,Monthly,PRD,Product obtained,D2100,Drinking milk,THS_T,Thousand tonnes,PT,Portugal,1993-04,,66.8,,,,,
dataflow,ESTAT:APRO_MK_COLM(1.0),Production of main cows' milk products - monthly data,M,Monthly,PRD,Product obtained,D2100,Drinking milk,THS_T,Thousand tonnes,PT,Portugal,1993-05,,64.9,,,,,
dataflow,ESTAT:APRO_MK_COLM(1.0),Production of main cows' milk products - monthly data,M,Monthly,PRD,Product obtained,D2100,Drinking milk,THS_T,Thousand tonnes,PT,Portugal,1993-06,,56.7,,,,,
dataflow,ESTAT:APRO_MK_COLM(1.0),Production of main cows' milk products - monthly data,M,Monthly,PRD,Product obtained,D2100,Drinking milk,THS_T,Thousand tonnes,PT,Portugal,1993-07,,58.5,,,,,
dataflow,ESTAT:APRO_MK_COLM(1.0),Production of main cows' milk products - monthly data,M,Monthly,PRD,Product obtained,D2100,Drinking milk,THS_T,Thousand tonnes,PT,Portugal,1993-08,,55,,,,,
dataflow,ESTAT:APRO_MK_COLM(1.0),Production of main cows' milk products - monthly data,M,Monthly,PRD,Product obtained,D2100,Drinking milk,THS_T,Thousand tonnes,PT,Portugal,1993-09,,60.5,,,,,
dataflow,ESTAT:APRO_MK_COLM(1.0),Production of main cows' milk products - monthly data,M,Monthly,PRD,Product obtained,D2100,Drinking milk,THS_T,Thousand tonnes,PT,Portugal,1993-10,,55.7,,,,,
dataflow,ESTAT:APRO_MK_COLM(1.0),Production of main cows' milk products - monthly data,M,Monthly,PRD,Product obtained,D2100,Drinking milk,THS_T,Thousand tonnes,PT,Portugal,1993-11,,62,,,,,
dataflow,ESTAT:APRO_MK_COLM(1.0),Production of main cows' milk products - monthly data,M,Monthly,PRD,Product obtained,D2100,Drinking milk,THS_T,Thousand tonnes,PT,Portugal,1993-12,,65.8,,,,,
dataflow,ESTAT:APRO_MK_COLM(1.0),Production of main cows' milk products - monthly data,M,Monthly,PRD,Product obtained,D2100,Drinking milk,THS_T,Thousand tonnes,PT,Portugal,1994-01,,67.1,,,,,
dataflow,ESTAT:APRO_MK_COLM(1.0),Production of main cows' milk products - monthly data,M,Monthly,PRD,Product obtained,D2100,Drinking milk,THS_T,Thousand tonnes,PT,Portugal,1994-02,,62.6,,,,,
dataflow,ESTAT:APRO_MK_COLM(1.0),Production of main cows' milk products - monthly data,M,Monthly,PRD,Product obtained,D2100,Drinking milk,THS_T,Thousand tonnes,PT,Portugal,1994-03,,67.5,,,,,
dataflow,ESTAT:APRO_MK_COLM(1.0),Production of main cows' milk products - monthly data,M,Monthly,PRD,Product obtained,D2100,Drinking milk,THS_T,Thousand tonnes,PT,Portugal,1994-04,,62.5,,,,,
dataflow,ESTAT:APRO_MK_COLM(1.0),Production of main cows' milk products - monthly data,M,Monthly,PRD,Product obtained,D2100,Drinking milk,THS_T,Thousand tonnes,PT,Portugal,1994-05,,67.8,,,,,
dataflow,ESTAT:APRO_MK_COLM(1.0),Production of main cows' milk products - monthly data,M,Monthly,PRD,Product obtained,D2100,Drinking milk,THS_T,Thousand tonnes,PT,Portugal,1994-06,,60.4,,,,,
dataflow,ESTAT:APRO_MK_COLM(1.0),Production of main cows' milk products - monthly data,M,Monthly,PRD,Product obtained,D2100,Drinking milk,THS_T,Thousand tonnes,PT,Portugal,1994-07,,61.6,,,,,
dataflow,ESTAT:APRO_MK_COLM(1.0),Production of main cows' milk products - monthly data,M,Monthly,PRD,Product obtained,D2100,Drinking milk,THS_T,Thousand tonnes,PT,Portugal,1994-08,,61.1,,,,,
dataflow,ESTAT:APRO_MK_COLM(1.0),Production of main cows' milk products - monthly data,M,Monthly,PRD,Product obtained,D2100,Drinking milk,THS_T,Thousand tonnes,PT,Portugal,1994-09,,57.5,,,,,
dataflow,ESTAT:APRO_MK_COLM(1.0),Production of main cows' milk products - monthly data,M,Monthly,PRD,Product obtained,D2100,Drinking milk,THS_T,Thousand tonnes,PT,Portugal,1994-10,,57.9,,,,,
dataflow,ESTAT:APRO_MK_COLM(1.0),Production of main cows' milk products - monthly data,M,Monthly,PRD,Product obtained,D2100,Drinking milk,THS_T,Thousand tonnes,PT,Portugal,1994-11,,64.5,,,,,
dataflow,ESTAT:APRO_MK_COLM(1.0),Production of main cows' milk products - monthly data,M,Monthly,PRD,Product obtained,D2100,Drinking milk,THS_T,Thousand tonnes,PT,Portugal,1994-12,,64,,,,,
dataflow,ESTAT:APRO_MK_COLM(1.0),Production of main cows' milk products - monthly data,M,Monthly,PRD,Product obtained,D2100,Drinking milk,THS_T,Thousand tonnes,PT,Portugal,1995-01,,62.5,,,,,
dataflow,ESTAT:APRO_MK_COLM(1.0),Production of main cows' milk products - monthly data,M,Monthly,PRD,Product obtained,D2100,Drinking milk,THS_T,Thousand tonnes,PT,Portugal,1995-02,,59.1,,,,,
dataflow,ESTAT:APRO_MK_COLM(1.0),Production of main cows' milk products - monthly data,M,Monthly,PRD,Product obtained,D2100,Drinking milk,THS_T,Thousand tonnes,PT,Portugal,1995-03,,64.6,,,,,
dataflow,ESTAT:APRO_MK_COLM(1.0),Production of main cows' milk products - monthly data,M,Monthly,PRD,Product obtained,D2100,Drinking milk,THS_T,Thousand tonnes,PT,Portugal,1995-04,,58.7,,,,,
dataflow,ESTAT:APRO_MK_COLM(1.0),Production of main cows' milk products - monthly data,M,Monthly,PRD,Product obtained,D2100,Drinking milk,THS_T,Thousand tonnes,PT,Portugal,1995-05,,66.6,,,,,
dataflow,ESTAT:APRO_MK_COLM(1.0),Production of main cows' milk products - monthly data,M,Monthly,PRD,Product obtained,D2100,Drinking milk,THS_T,Thousand tonnes,PT,Portugal,1995-06,,61,,,,,
dataflow,ESTAT:APRO_MK_COLM(1.0),Production of main cows' milk products - monthly data,M,Monthly,PRD,Product obtained,D2100,Drinking milk,THS_T,Thousand tonnes,PT,Portugal,1995-07,,60.2,,,,,
dataflow,ESTAT:APRO_MK_COLM(1.0),Production of main cows' milk products - monthly data,M,Monthly,PRD,Product obtained,D2100,Drinking milk,THS_T,Thousand tonnes,PT,Portugal,1995-08,,58.2,,,,,
dataflow,ESTAT:APRO_MK_COLM(1.0),Production of main cows' milk products - monthly data,M,Monthly,PRD,Product obtained,D2100,Drinking milk,THS_T,Thousand tonnes,PT,Portugal,1995-09,,56.4,,,,,
dataflow,ESTAT:APRO_MK_COLM(1.0),Production of main cows' milk products - monthly data,M,Monthly,PRD,Product obtained,D2100,Drinking milk,THS_T,Thousand tonnes,PT,Portugal,1995-10,,57.2,,,,,
dataflow,ESTAT:APRO_MK_COLM(1.0),Production of main cows' milk products - monthly data,M,Monthly,PRD,Product obtained,D2100,Drinking milk,THS_T,Thousand tonnes,PT,Portugal,1995-11,,57.5,,,,,
dataflow,ESTAT:APRO_MK_COLM(1.0),Production of main cows' milk products - monthly data,M,Monthly,PRD,Product obtained,D2100,Drinking milk,THS_T,Thousand tonnes,PT,Portugal,1995-12,,60.4,,,,,
dataflow,ESTAT:APRO_MK_COLM(1.0),Production of main cows' milk products - monthly data,M,Monthly,PRD,Product obtained,D2100,Drinking milk,THS_T,Thousand tonnes,PT,Portugal,1996-01,,58.3,,,,,
dataflow,ESTAT:APRO_MK_COLM(1.0),Production of main cows' milk products - monthly data,M,Monthly,PRD,Product obtained,D2100,Drinking milk,THS_T,Thousand tonnes,PT,Portugal,1996-02,,62,,,,,
dataflow,ESTAT:APRO_MK_COLM(1.0),Production of main cows' milk products - monthly data,M,Monthly,PRD,Product obtained,D2100,Drinking milk,THS_T,Thousand tonnes,PT,Portugal,1996-03,,63.1,,,,,
dataflow,ESTAT:APRO_MK_COLM(1.0),Production of main cows' milk products - monthly data,M,Monthly,PRD,Product obtained,D2100,Drinking milk,THS_T,Thousand tonnes,PT,Portugal,1996-04,,61.3,,,,,
dataflow,ESTAT:APRO_MK_COLM(1.0),Production of main cows' milk products - monthly data,M,Monthly,PRD,Product obtained,D2100,Drinking milk,THS_T,Thousand tonnes,PT,Portugal,1996-05,,64.1,,,,,
dataflow,ESTAT:APRO_MK_COLM(1.0),Production of main cows' milk products - monthly data,M,Monthly,PRD,Product obtained,D2100,Drinking milk,THS_T,Thousand tonnes,PT,Portugal,1996-06,,61.1,,,,,
dataflow,ESTAT:APRO_MK_COLM(1.0),Production of main cows' milk products - monthly data,M,Monthly,PRD,Product obtained,D2100,Drinking milk,THS_T,Thousand tonnes,PT,Portugal,1996-07,,60.7,,,,,
dataflow,ESTAT:APRO_MK_COLM(1.0),Production of main cows' milk products - monthly data,M,Monthly,PRD,Product obtained,D2100,Drinking milk,THS_T,Thousand tonnes,PT,Portugal,1996-08,,63.5,,,,,
dataflow,ESTAT:APRO_MK_COLM(1.0),Production of main cows' milk products - monthly data,M,Monthly,PRD,Product obtained,D2100,Drinking milk,THS_T,Thousand tonnes,PT,Portugal,1996-09,,57.5,,,,,
dataflow,ESTAT:APRO_MK_COLM(1.0),Production of main cows' milk products - monthly data,M,Monthly,PRD,Product obtained,D2100,Drinking milk,THS_T,Thousand tonnes,PT,Portugal,1996-10,,66,,,,,
dataflow,ESTAT:APRO_MK_COLM(1.0),Production of main cows' milk products - monthly data,M,Monthly,PRD,Product obtained,D2100,Drinking milk,THS_T,Thousand tonnes,PT,Portugal,1996-11,,64.7,,,,,
dataflow,ESTAT:APRO_MK_COLM(1.0),Production of main cows' milk products - monthly data,M,Monthly,PRD,Product obtained,D2100,Drinking milk,THS_T,Thousand tonnes,PT,Portugal,1996-12,,66.9,,,,,
dataflow,ESTAT:APRO_MK_COLM(1.0),Production of main cows' milk products - monthly data,M,Monthly,PRD,Product obtained,D2100,Drinking milk,THS_T,Thousand tonnes,PT,Portugal,1997-01,,72,,,,,
dataflow,ESTAT:APRO_MK_COLM(1.0),Production of main cows' milk products - monthly data,M,Monthly,PRD,Product obtained,D2100,Drinking milk,THS_T,Thousand tonnes,PT,Portugal,1997-02,,66.6,,,,,
dataflow,ESTAT:APRO_MK_COLM(1.0),Production of main cows' milk products - monthly data,M,Monthly,PRD,Product obtained,D2100,Drinking milk,THS_T,Thousand tonnes,PT,Portugal,1997-03,,71.3,,,,,
dataflow,ESTAT:APRO_MK_COLM(1.0),Production of main cows' milk products - monthly data,M,Monthly,PRD,Product obtained,D2100,Drinking milk,THS_T,Thousand tonnes,PT,Portugal,1997-04,,71.1,,,,,
dataflow,ESTAT:APRO_MK_COLM(1.0),Production of main cows' milk products - monthly data,M,Monthly,PRD,Product obtained,D2100,Drinking milk,THS_T,Thousand tonnes,PT,Portugal,1997-05,,72.8,,,,,
dataflow,ESTAT:APRO_MK_COLM(1.0),Production of main cows' milk products - monthly data,M,Monthly,PRD,Product obtained,D2100,Drinking milk,THS_T,Thousand tonnes,PT,Portugal,1997-06,,68.9,,,,,
dataflow,ESTAT:APRO_MK_COLM(1.0),Production of main cows' milk products - monthly data,M,Monthly,PRD,Product obtained,D2100,Drinking milk,THS_T,Thousand tonnes,PT,Portugal,1997-07,,64.6,,,,,
dataflow,ESTAT:APRO_MK_COLM(1.0),Production of main cows' milk products - monthly data,M,Monthly,PRD,Product obtained,D2100,Drinking milk,THS_T,Thousand tonnes,PT,Portugal,1997-08,,61.2,,,,,
dataflow,ESTAT:APRO_MK_COLM(1.0),Production of main cows' milk products - monthly data,M,Monthly,PRD,Product obtained,D2100,Drinking milk,THS_T,Thousand tonnes,PT,Portugal,1997-09,,65.3,,,,,
dataflow,ESTAT:APRO_MK_COLM(1.0),Production of main cows' milk products - monthly data,M,Monthly,PRD,Product obtained,D2100,Drinking milk,THS_T,Thousand tonnes,PT,Portugal,1997-10,,65.2,,,,,
dataflow,ESTAT:APRO_MK_COLM(1.0),Production of main cows' milk products - monthly data,M,Monthly,PRD,Product obtained,D2100,Drinking milk,THS_T,Thousand tonnes,PT,Portugal,1997-11,,65.3,,,,,
dataflow,ESTAT:APRO_MK_COLM(1.0),Production of main cows' milk products - monthly data,M,Monthly,PRD,Product obtained,D2100,Drinking milk,THS_T,Thousand tonnes,PT,Portugal,1997-12,,67.2,,,,,
dataflow,ESTAT:APRO_MK_COLM(1.0),Production of main cows' milk products - monthly data,M,Monthly,PRD,Product obtained,D2100,Drinking milk,THS_T,Thousand tonnes,PT,Portugal,1998-01,,71.1,,,,,
dataflow,ESTAT:APRO_MK_COLM(1.0),Production of main cows' milk products - monthly data,M,Monthly,PRD,Product obtained,D2100,Drinking milk,THS_T,Thousand tonnes,PT,Portugal,1998-02,,69.4,,,,,
dataflow,ESTAT:APRO_MK_COLM(1.0),Production of main cows' milk products - monthly data,M,Monthly,PRD,Product obtained,D2100,Drinking milk,THS_T,Thousand tonnes,PT,Portugal,1998-03,,75.3,,,,,
dataflow,ESTAT:APRO_MK_COLM(1.0),Production of main cows' milk products - monthly data,M,Monthly,PRD,Product obtained,D2100,Drinking milk,THS_T,Thousand tonnes,PT,Portugal,1998-04,,74.4,,,,,
dataflow,ESTAT:APRO_MK_COLM(1.0),Production of main cows' milk products - monthly data,M,Monthly,PRD,Product obtained,D2100,Drinking milk,THS_T,Thousand tonnes,PT,Portugal,1998-05,,72.8,,,,,
dataflow,ESTAT:APRO_MK_COLM(1.0),Production of main cows' milk products - monthly data,M,Monthly,PRD,Product obtained,D2100,Drinking milk,THS_T,Thousand tonnes,PT,Portugal,1998-06,,69.2,,,,,
dataflow,ESTAT:APRO_MK_COLM(1.0),Production of main cows' milk products - monthly data,M,Monthly,PRD,Product obtained,D2100,Drinking milk,THS_T,Thousand tonnes,PT,Portugal,1998-07,,63.6,,,,,
dataflow,ESTAT:APRO_MK_COLM(1.0),Production of main cows' milk products - monthly data,M,Monthly,PRD,Product obtained,D2100,Drinking milk,THS_T,Thousand tonnes,PT,Portugal,1998-08,,66.5,,,,,
dataflow,ESTAT:APRO_MK_COLM(1.0),Production of main cows' milk products - monthly data,M,Monthly,PRD,Product obtained,D2100,Drinking milk,THS_T,Thousand tonnes,PT,Portugal,1998-09,,68,,,,,
dataflow,ESTAT:APRO_MK_COLM(1.0),Production of main cows' milk products - monthly data,M,Monthly,PRD,Product obtained,D2100,Drinking milk,THS_T,Thousand tonnes,PT,Portugal,1998-10,,65.9,,,,,
dataflow,ESTAT:APRO_MK_COLM(1.0),Production of main cows' milk products - monthly data,M,Monthly,PRD,Product obtained,D2100,Drinking milk,THS_T,Thousand tonnes,PT,Portugal,1998-11,,67.2,,,,,
dataflow,ESTAT:APRO_MK_COLM(1.0),Production of main cows' milk products - monthly data,M,Monthly,PRD,Product obtained,D2100,Drinking milk,THS_T,Thousand tonnes,PT,Portugal,1998-12,,77,,,,,
dataflow,ESTAT:APRO_MK_COLM(1.0),Production of main cows' milk products - monthly data,M,Monthly,PRD,Product obtained,D2100,Drinking milk,THS_T,Thousand tonnes,PT,Portugal,1999-01,,79.7,,,,,
dataflow,ESTAT:APRO_MK_COLM(1.0),Production of main cows' milk products - monthly data,M,Monthly,PRD,Product obtained,D2100,Drinking milk,THS_T,Thousand tonnes,PT,Portugal,1999-02,,70.8,,,,,
dataflow,ESTAT:APRO_MK_COLM(1.0),Production of main cows' milk products - monthly data,M,Monthly,PRD,Product obtained,D2100,Drinking milk,THS_T,Thousand tonnes,PT,Portugal,1999-03,,83.6,,,,,
dataflow,ESTAT:APRO_MK_COLM(1.0),Production of main cows' milk products - monthly data,M,Monthly,PRD,Product obtained,D2100,Drinking milk,THS_T,Thousand tonnes,PT,Portugal,1999-04,,81.1,,,,,
dataflow,ESTAT:APRO_MK_COLM(1.0),Production of main cows' milk products - monthly data,M,Monthly,PRD,Product obtained,D2100,Drinking milk,THS_T,Thousand tonnes,PT,Portugal,1999-05,,81.1,,,,,
dataflow,ESTAT:APRO_MK_COLM(1.0),Production of main cows' milk products - monthly data,M,Monthly,PRD,Product obtained,D2100,Drinking milk,THS_T,Thousand tonnes,PT,Portugal,1999-06,,73.5,,,,,
dataflow,ESTAT:APRO_MK_COLM(1.0),Production of main cows' milk products - monthly data,M,Monthly,PRD,Product obtained,D2100,Drinking milk,THS_T,Thousand tonnes,PT,Portugal,1999-07,,71.4,,,,,
dataflow,ESTAT:APRO_MK_COLM(1.0),Production of main cows' milk products - monthly data,M,Monthly,PRD,Product obtained,D2100,Drinking milk,THS_T,Thousand tonnes,PT,Portugal,1999-08,,69.7,,,,,
dataflow,ESTAT:APRO_MK_COLM(1.0),Production of main cows' milk products - monthly data,M,Monthly,PRD,Product obtained,D2100,Drinking milk,THS_T,Thousand tonnes,PT,Portugal,1999-09,,64.1,,,,,
dataflow,ESTAT:APRO_MK_COLM(1.0),Production of main cows' milk products - monthly data,M,Monthly,PRD,Product obtained,D2100,Drinking milk,THS_T,Thousand tonnes,PT,Portugal,1999-10,,64.6,,,,,
dataflow,ESTAT:APRO_MK_COLM(1.0),Production of main cows' milk products - monthly data,M,Monthly,PRD,Product obtained,D2100,Drinking milk,THS_T,Thousand tonnes,PT,Portugal,1999-11,,69.8,,,,,
dataflow,ESTAT:APRO_MK_COLM(1.0),Production of main cows' milk products - monthly data,M,Monthly,PRD,Product obtained,D2100,Drinking milk,THS_T,Thousand tonnes,PT,Portugal,1999-12,,75.5,,,,,
dataflow,ESTAT:APRO_MK_COLM(1.0),Production of main cows' milk products - monthly data,M,Monthly,PRD,Product obtained,D2100,Drinking milk,THS_T,Thousand tonnes,PT,Portugal,2000-01,,76.6,,,,,
dataflow,ESTAT:APRO_MK_COLM(1.0),Production of main cows' milk products - monthly data,M,Monthly,PRD,Product obtained,D2100,Drinking milk,THS_T,Thousand tonnes,PT,Portugal,2000-02,,75.3,,,,,
dataflow,ESTAT:APRO_MK_COLM(1.0),Production of main cows' milk products - monthly data,M,Monthly,PRD,Product obtained,D2100,Drinking milk,THS_T,Thousand tonnes,PT,Portugal,2000-03,,79.4,,,,,
dataflow,ESTAT:APRO_MK_COLM(1.0),Production of main cows' milk products - monthly data,M,Monthly,PRD,Product obtained,D2100,Drinking milk,THS_T,Thousand tonnes,PT,Portugal,2000-04,,76,,,,,
dataflow,ESTAT:APRO_MK_COLM(1.0),Production of main cows' milk products - monthly data,M,Monthly,PRD,Product obtained,D2100,Drinking milk,THS_T,Thousand tonnes,PT,Portugal,2000-05,,76.7,,,,,
dataflow,ESTAT:APRO_MK_COLM(1.0),Production of main cows' milk products - monthly data,M,Monthly,PRD,Product obtained,D2100,Drinking milk,THS_T,Thousand tonnes,PT,Portugal,2000-06,,71.9,,,,,
dataflow,ESTAT:APRO_MK_COLM(1.0),Production of main cows' milk products - monthly data,M,Monthly,PRD,Product obtained,D2100,Drinking milk,THS_T,Thousand tonnes,PT,Portugal,2000-07,,71.2,,,,,
dataflow,ESTAT:APRO_MK_COLM(1.0),Production of main cows' milk products - monthly data,M,Monthly,PRD,Product obtained,D2100,Drinking milk,THS_T,Thousand tonnes,PT,Portugal,2000-08,,71.1,,,,,
dataflow,ESTAT:APRO_MK_COLM(1.0),Production of main cows' milk products - monthly data,M,Monthly,PRD,Product obtained,D2100,Drinking milk,THS_T,Thousand tonnes,PT,Portugal,2000-09,,67.6,,,,,
dataflow,ESTAT:APRO_MK_COLM(1.0),Production of main cows' milk products - monthly data,M,Monthly,PRD,Product obtained,D2100,Drinking milk,THS_T,Thousand tonnes,PT,Portugal,2000-10,,68.3,,,,,
dataflow,ESTAT:APRO_MK_COLM(1.0),Production of main cows' milk products - monthly data,M,Monthly,PRD,Product obtained,D2100,Drinking milk,THS_T,Thousand tonnes,PT,Portugal,2000-11,,70.1,,,,,
dataflow,ESTAT:APRO_MK_COLM(1.0),Production of main cows' milk products - monthly data,M,Monthly,PRD,Product obtained,D2100,Drinking milk,THS_T,Thousand tonnes,PT,Portugal,2000-12,,72.9,,,,,
dataflow,ESTAT:APRO_MK_COLM(1.0),Production of main cows' milk products - monthly data,M,Monthly,PRD,Product obtained,D2100,Drinking milk,THS_T,Thousand tonnes,PT,Portugal,2001-01,,77.3,,,,,
dataflow,ESTAT:APRO_MK_COLM(1.0),Production of main cows' milk products - monthly data,M,Monthly,PRD,Product obtained,D2100,Drinking milk,THS_T,Thousand tonnes,PT,Portugal,2001-02,,71.1,,,,,
dataflow,ESTAT:APRO_MK_COLM(1.0),Production of main cows' milk products - monthly data,M,Monthly,PRD,Product obtained,D2100,Drinking milk,THS_T,Thousand tonnes,PT,Portugal,2001-03,,76.8,,,,,
dataflow,ESTAT:APRO_MK_COLM(1.0),Production of main cows' milk products - monthly data,M,Monthly,PRD,Product obtained,D2100,Drinking milk,THS_T,Thousand tonnes,PT,Portugal,2001-04,,70.9,,,,,
dataflow,ESTAT:APRO_MK_COLM(1.0),Production of main cows' milk products - monthly data,M,Monthly,PRD,Product obtained,D2100,Drinking milk,THS_T,Thousand tonnes,PT,Portugal,2001-05,,71.1,,,,,
dataflow,ESTAT:APRO_MK_COLM(1.0),Production of main cows' milk products - monthly data,M,Monthly,PRD,Product obtained,D2100,Drinking milk,THS_T,Thousand tonnes,PT,Portugal,2001-06,,70.9,,,,,
dataflow,ESTAT:APRO_MK_COLM(1.0),Production of main cows' milk products - monthly data,M,Monthly,PRD,Product obtained,D2100,Drinking milk,THS_T,Thousand tonnes,PT,Portugal,2001-07,,70,,,,,
dataflow,ESTAT:APRO_MK_COLM(1.0),Production of main cows' milk products - monthly data,M,Monthly,PRD,Product obtained,D2100,Drinking milk,THS_T,Thousand tonnes,PT,Portugal,2001-08,,68.9,,,,,
dataflow,ESTAT:APRO_MK_COLM(1.0),Production of main cows' milk products - monthly data,M,Monthly,PRD,Product obtained,D2100,Drinking milk,THS_T,Thousand tonnes,PT,Portugal,2001-09,,66.7,,,,,
dataflow,ESTAT:APRO_MK_COLM(1.0),Production of main cows' milk products - monthly data,M,Monthly,PRD,Product obtained,D2100,Drinking milk,THS_T,Thousand tonnes,PT,Portugal,2001-10,,69.8,,,,,
dataflow,ESTAT:APRO_MK_COLM(1.0),Production of main cows' milk products - monthly data,M,Monthly,PRD,Product obtained,D2100,Drinking milk,THS_T,Thousand tonnes,PT,Portugal,2001-11,,69,,,,,
dataflow,ESTAT:APRO_MK_COLM(1.0),Production of main cows' milk products - monthly data,M,Monthly,PRD,Product obtained,D2100,Drinking milk,THS_T,Thousand tonnes,PT,Portugal,2001-12,,74.8,,,,,
dataflow,ESTAT:APRO_MK_COLM(1.0),Production of main cows' milk products - monthly data,M,Monthly,PRD,Product obtained,D2100,Drinking milk,THS_T,Thousand tonnes,PT,Portugal,2002-01,,73.9,,,,,
dataflow,ESTAT:APRO_MK_COLM(1.0),Production of main cows' milk products - monthly data,M,Monthly,PRD,Product obtained,D2100,Drinking milk,THS_T,Thousand tonnes,PT,Portugal,2002-02,,71.2,,,,,
dataflow,ESTAT:APRO_MK_COLM(1.0),Production of main cows' milk products - monthly data,M,Monthly,PRD,Product obtained,D2100,Drinking milk,THS_T,Thousand tonnes,PT,Portugal,2002-03,,72.7,,,,,
dataflow,ESTAT:APRO_MK_COLM(1.0),Production of main cows' milk products - monthly data,M,Monthly,PRD,Product obtained,D2100,Drinking milk,THS_T,Thousand tonnes,PT,Portugal,2002-04,,74.3,,,,,
dataflow,ESTAT:APRO_MK_COLM(1.0),Production of main cows' milk products - monthly data,M,Monthly,PRD,Product obtained,D2100,Drinking milk,THS_T,Thousand tonnes,PT,Portugal,2002-05,,76.6,,,,,
dataflow,ESTAT:APRO_MK_COLM(1.0),Production of main cows' milk products - monthly data,M,Monthly,PRD,Product obtained,D2100,Drinking milk,THS_T,Thousand tonnes,PT,Portugal,2002-06,,71.4,,,,,
dataflow,ESTAT:APRO_MK_COLM(1.0),Production of main cows' milk products - monthly data,M,Monthly,PRD,Product obtained,D2100,Drinking milk,THS_T,Thousand tonnes,PT,Portugal,2002-07,,74,,,,,
dataflow,ESTAT:APRO_MK_COLM(1.0),Production of main cows' milk products - monthly data,M,Monthly,PRD,Product obtained,D2100,Drinking milk,THS_T,Thousand tonnes,PT,Portugal,2002-08,,69.3,,,,,
dataflow,ESTAT:APRO_MK_COLM(1.0),Production of main cows' milk products - monthly data,M,Monthly,PRD,Product obtained,D2100,Drinking milk,THS_T,Thousand tonnes,PT,Portugal,2002-09,,64.9,,,,,
dataflow,ESTAT:APRO_MK_COLM(1.0),Production of main cows' milk products - monthly data,M,Monthly,PRD,Product obtained,D2100,Drinking milk,THS_T,Thousand tonnes,PT,Portugal,2002-10,,67.38,,,,,
dataflow,ESTAT:APRO_MK_COLM(1.0),Production of main cows' milk products - monthly data,M,Monthly,PRD,Product obtained,D2100,Drinking milk,THS_T,Thousand tonnes,PT,Portugal,2002-11,,72.39,,,,,
dataflow,ESTAT:APRO_MK_COLM(1.0),Production of main cows' milk products - monthly data,M,Monthly,PRD,Product obtained,D2100,Drinking milk,THS_T,Thousand tonnes,PT,Portugal,2002-12,,75.7,,,,,
dataflow,ESTAT:APRO_MK_COLM(1.0),Production of main cows' milk products - monthly data,M,Monthly,PRD,Product obtained,D2100,Drinking milk,THS_T,Thousand tonnes,PT,Portugal,2003-01,,74.18,,,,,
dataflow,ESTAT:APRO_MK_COLM(1.0),Production of main cows' milk products - monthly data,M,Monthly,PRD,Product obtained,D2100,Drinking milk,THS_T,Thousand tonnes,PT,Portugal,2003-02,,69.31,,,,,
dataflow,ESTAT:APRO_MK_COLM(1.0),Production of main cows' milk products - monthly data,M,Monthly,PRD,Product obtained,D2100,Drinking milk,THS_T,Thousand tonnes,PT,Portugal,2003-03,,79.14,,,,,
dataflow,ESTAT:APRO_MK_COLM(1.0),Production of main cows' milk products - monthly data,M,Monthly,PRD,Product obtained,D2100,Drinking milk,THS_T,Thousand tonnes,PT,Portugal,2003-04,,76.7,,,,,
dataflow,ESTAT:APRO_MK_COLM(1.0),Production of main cows' milk products - monthly data,M,Monthly,PRD,Product obtained,D2100,Drinking milk,THS_T,Thousand tonnes,PT,Portugal,2003-05,,79.63,,,,,
dataflow,ESTAT:APRO_MK_COLM(1.0),Production of main cows' milk products - monthly data,M,Monthly,PRD,Product obtained,D2100,Drinking milk,THS_T,Thousand tonnes,PT,Portugal,2003-06,,70.66,,,,,
dataflow,ESTAT:APRO_MK_COLM(1.0),Production of main cows' milk products - monthly data,M,Monthly,PRD,Product obtained,D2100,Drinking milk,THS_T,Thousand tonnes,PT,Portugal,2003-07,,76.5,,,,,
dataflow,ESTAT:APRO_MK_COLM(1.0),Production of main cows' milk products - monthly data,M,Monthly,PRD,Product obtained,D2100,Drinking milk,THS_T,Thousand tonnes,PT,Portugal,2003-08,,70.46,,,,,
dataflow,ESTAT:APRO_MK_COLM(1.0),Production of main cows' milk products - monthly data,M,Monthly,PRD,Product obtained,D2100,Drinking milk,THS_T,Thousand tonnes,PT,Portugal,2003-09,,67.16,,,,,
dataflow,ESTAT:APRO_MK_COLM(1.0),Production of main cows' milk products - monthly data,M,Monthly,PRD,Product obtained,D2100,Drinking milk,THS_T,Thousand tonnes,PT,Portugal,2003-10,,71.83,,,,,
dataflow,ESTAT:APRO_MK_COLM(1.0),Production of main cows' milk products - monthly data,M,Monthly,PRD,Product obtained,D2100,Drinking milk,THS_T,Thousand tonnes,PT,Portugal,2003-11,,71.04,,,,,
dataflow,ESTAT:APRO_MK_COLM(1.0),Production of main cows' milk products - monthly data,M,Monthly,PRD,Product obtained,D2100,Drinking milk,THS_T,Thousand tonnes,PT,Portugal,2003-12,,77.26,,,,,
dataflow,ESTAT:APRO_MK_COLM(1.0),Production of main cows' milk products - monthly data,M,Monthly,PRD,Product obtained,D2100,Drinking milk,THS_T,Thousand tonnes,PT,Portugal,2004-01,,77.04,,,,,
dataflow,ESTAT:APRO_MK_COLM(1.0),Production of main cows' milk products - monthly data,M,Monthly,PRD,Product obtained,D2100,Drinking milk,THS_T,Thousand tonnes,PT,Portugal,2004-02,,72.37,,,,,
dataflow,ESTAT:APRO_MK_COLM(1.0),Production of main cows' milk products - monthly data,M,Monthly,PRD,Product obtained,D2100,Drinking milk,THS_T,Thousand tonnes,PT,Portugal,2004-03,,81.04,,,,,
dataflow,ESTAT:APRO_MK_COLM(1.0),Production of main cows' milk products - monthly data,M,Monthly,PRD,Product obtained,D2100,Drinking milk,THS_T,Thousand tonnes,PT,Portugal,2004-04,,80.12,,,,,
dataflow,ESTAT:APRO_MK_COLM(1.0),Production of main cows' milk products - monthly data,M,Monthly,PRD,Product obtained,D2100,Drinking milk,THS_T,Thousand tonnes,PT,Portugal,2004-05,,76.22,,,,,
dataflow,ESTAT:APRO_MK_COLM(1.0),Production of main cows' milk products - monthly data,M,Monthly,PRD,Product obtained,D2100,Drinking milk,THS_T,Thousand tonnes,PT,Portugal,2004-06,,70.39,,,,,
dataflow,ESTAT:APRO_MK_COLM(1.0),Production of main cows' milk products - monthly data,M,Monthly,PRD,Product obtained,D2100,Drinking milk,THS_T,Thousand tonnes,PT,Portugal,2004-07,,71.5,,,,,
dataflow,ESTAT:APRO_MK_COLM(1.0),Production of main cows' milk products - monthly data,M,Monthly,PRD,Product obtained,D2100,Drinking milk,THS_T,Thousand tonnes,PT,Portugal,2004-08,,72.42,,,,,
dataflow,ESTAT:APRO_MK_COLM(1.0),Production of main cows' milk products - monthly data,M,Monthly,PRD,Product obtained,D2100,Drinking milk,THS_T,Thousand tonnes,PT,Portugal,2004-09,,67.06,,,,,
dataflow,ESTAT:APRO_MK_COLM(1.0),Production of main cows' milk products - monthly data,M,Monthly,PRD,Product obtained,D2100,Drinking milk,THS_T,Thousand tonnes,PT,Portugal,2004-10,,72.78,,,,,
dataflow,ESTAT:APRO_MK_COLM(1.0),Production of main cows' milk products - monthly data,M,Monthly,PRD,Product obtained,D2100,Drinking milk,THS_T,Thousand tonnes,PT,Portugal,2004-11,,77.32,,,,,
dataflow,ESTAT:APRO_MK_COLM(1.0),Production of main cows' milk products - monthly data,M,Monthly,PRD,Product obtained,D2100,Drinking milk,THS_T,Thousand tonnes,PT,Portugal,2004-12,,80.74,,,,,
dataflow,ESTAT:APRO_MK_COLM(1.0),Production of main cows' milk products - monthly data,M,Monthly,PRD,Product obtained,D2100,Drinking milk,THS_T,Thousand tonnes,PT,Portugal,2005-01,,80.03,,,,,
dataflow,ESTAT:APRO_MK_COLM(1.0),Production of main cows' milk products - monthly data,M,Monthly,PRD,Product obtained,D2100,Drinking milk,THS_T,Thousand tonnes,PT,Portugal,2005-02,,80.57,,,,,
dataflow,ESTAT:APRO_MK_COLM(1.0),Production of main cows' milk products - monthly data,M,Monthly,PRD,Product obtained,D2100,Drinking milk,THS_T,Thousand tonnes,PT,Portugal,2005-03,,88.61,,,,,
dataflow,ESTAT:APRO_MK_COLM(1.0),Production of main cows' milk products - monthly data,M,Monthly,PRD,Product obtained,D2100,Drinking milk,THS_T,Thousand tonnes,PT,Portugal,2005-04,,81.77,,,,,
dataflow,ESTAT:APRO_MK_COLM(1.0),Production of main cows' milk products - monthly data,M,Monthly,PRD,Product obtained,D2100,Drinking milk,THS_T,Thousand tonnes,PT,Portugal,2005-05,,84.28,,,,,
dataflow,ESTAT:APRO_MK_COLM(1.0),Production of main cows' milk products - monthly data,M,Monthly,PRD,Product obtained,D2100,Drinking milk,THS_T,Thousand tonnes,PT,Portugal,2005-06,,81.41,,,,,
dataflow,ESTAT:APRO_MK_COLM(1.0),Production of main cows' milk products - monthly data,M,Monthly,PRD,Product obtained,D2100,Drinking milk,THS_T,Thousand tonnes,PT,Portugal,2005-07,,76.38,,,,,
dataflow,ESTAT:APRO_MK_COLM(1.0),Production of main cows' milk products - monthly data,M,Monthly,PRD,Product obtained,D2100,Drinking milk,THS_T,Thousand tonnes,PT,Portugal,2005-08,,78.67,,,,,
dataflow,ESTAT:APRO_MK_COLM(1.0),Production of main cows' milk products - monthly data,M,Monthly,PRD,Product obtained,D2100,Drinking milk,THS_T,Thousand tonnes,PT,Portugal,2005-09,,70.75,,,,,
dataflow,ESTAT:APRO_MK_COLM(1.0),Production of main cows' milk products - monthly data,M,Monthly,PRD,Product obtained,D2100,Drinking milk,THS_T,Thousand tonnes,PT,Portugal,2005-10,,76.79,,,,,
dataflow,ESTAT:APRO_MK_COLM(1.0),Production of main cows' milk products - monthly data,M,Monthly,PRD,Product obtained,D2100,Drinking milk,THS_T,Thousand tonnes,PT,Portugal,2005-11,,75.73,,,,,
dataflow,ESTAT:APRO_MK_COLM(1.0),Production of main cows' milk products - monthly data,M,Monthly,PRD,Product obtained,D2100,Drinking milk,THS_T,Thousand tonnes,PT,Portugal,2005-12,,81.75,,,,,
dataflow,ESTAT:APRO_MK_COLM(1.0),Production of main cows' milk products - monthly data,M,Monthly,PRD,Product obtained,D2100,Drinking milk,THS_T,Thousand tonnes,PT,Portugal,2006-01,,86.35,,,,,
dataflow,ESTAT:APRO_MK_COLM(1.0),Production of main cows' milk products - monthly data,M,Monthly,PRD,Product obtained,D2100,Drinking milk,THS_T,Thousand tonnes,PT,Portugal,2006-02,,79.84,,,,,
dataflow,ESTAT:APRO_MK_COLM(1.0),Production of main cows' milk products - monthly data,M,Monthly,PRD,Product obtained,D2100,Drinking milk,THS_T,Thousand tonnes,PT,Portugal,2006-03,,90.67,,,,,
dataflow,ESTAT:APRO_MK_COLM(1.0),Production of main cows' milk products - monthly data,M,Monthly,PRD,Product obtained,D2100,Drinking milk,THS_T,Thousand tonnes,PT,Portugal,2006-04,,82.86,,,,,
dataflow,ESTAT:APRO_MK_COLM(1.0),Production of main cows' milk products - monthly data,M,Monthly,PRD,Product obtained,D2100,Drinking milk,THS_T,Thousand tonnes,PT,Portugal,2006-05,,87.67,,,,,
dataflow,ESTAT:APRO_MK_COLM(1.0),Production of main cows' milk products - monthly data,M,Monthly,PRD,Product obtained,D2100,Drinking milk,THS_T,Thousand tonnes,PT,Portugal,2006-06,,80.96,,,,,
dataflow,ESTAT:APRO_MK_COLM(1.0),Production of main cows' milk products - monthly data,M,Monthly,PRD,Product obtained,D2100,Drinking milk,THS_T,Thousand tonnes,PT,Portugal,2006-07,,78.01,,,,,
dataflow,ESTAT:APRO_MK_COLM(1.0),Production of main cows' milk products - monthly data,M,Monthly,PRD,Product obtained,D2100,Drinking milk,THS_T,Thousand tonnes,PT,Portugal,2006-08,,73.75,,,,,
dataflow,ESTAT:APRO_MK_COLM(1.0),Production of main cows' milk products - monthly data,M,Monthly,PRD,Product obtained,D2100,Drinking milk,THS_T,Thousand tonnes,PT,Portugal,2006-09,,68.82,,,,,
dataflow,ESTAT:APRO_MK_COLM(1.0),Production of main cows' milk products - monthly data,M,Monthly,PRD,Product obtained,D2100,Drinking milk,THS_T,Thousand tonnes,PT,Portugal,2006-10,,70.2,,,,,
dataflow,ESTAT:APRO_MK_COLM(1.0),Production of main cows' milk products - monthly data,M,Monthly,PRD,Product obtained,D2100,Drinking milk,THS_T,Thousand tonnes,PT,Portugal,2006-11,,72.33,,,,,
dataflow,ESTAT:APRO_MK_COLM(1.0),Production of main cows' milk products - monthly data,M,Monthly,PRD,Product obtained,D2100,Drinking milk,THS_T,Thousand tonnes,PT,Portugal,2006-12,,82.38,,,,,
dataflow,ESTAT:APRO_MK_COLM(1.0),Production of main cows' milk products - monthly data,M,Monthly,PRD,Product obtained,D2100,Drinking milk,THS_T,Thousand tonnes,PT,Portugal,2007-01,,88.24,,,,,
dataflow,ESTAT:APRO_MK_COLM(1.0),Production of main cows' milk products - monthly data,M,Monthly,PRD,Product obtained,D2100,Drinking milk,THS_T,Thousand tonnes,PT,Portugal,2007-02,,79.75,,,,,
dataflow,ESTAT:APRO_MK_COLM(1.0),Production of main cows' milk products - monthly data,M,Monthly,PRD,Product obtained,D2100,Drinking milk,THS_T,Thousand tonnes,PT,Portugal,2007-03,,88.52,,,,,
dataflow,ESTAT:APRO_MK_COLM(1.0),Production of main cows' milk products - monthly data,M,Monthly,PRD,Product obtained,D2100,Drinking milk,THS_T,Thousand tonnes,PT,Portugal,2007-04,,83.97,,,,,
dataflow,ESTAT:APRO_MK_COLM(1.0),Production of main cows' milk products - monthly data,M,Monthly,PRD,Product obtained,D2100,Drinking milk,THS_T,Thousand tonnes,PT,Portugal,2007-05,,81.45,,,,,
dataflow,ESTAT:APRO_MK_COLM(1.0),Production of main cows' milk products - monthly data,M,Monthly,PRD,Product obtained,D2100,Drinking milk,THS_T,Thousand tonnes,PT,Portugal,2007-06,,77.85,,,,,
dataflow,ESTAT:APRO_MK_COLM(1.0),Production of main cows' milk products - monthly data,M,Monthly,PRD,Product obtained,D2100,Drinking milk,THS_T,Thousand tonnes,PT,Portugal,2007-07,,74.44,,,,,
dataflow,ESTAT:APRO_MK_COLM(1.0),Production of main cows' milk products - monthly data,M,Monthly,PRD,Product obtained,D2100,Drinking milk,THS_T,Thousand tonnes,PT,Portugal,2007-08,,73.53,,,,,
dataflow,ESTAT:APRO_MK_COLM(1.0),Production of main cows' milk products - monthly data,M,Monthly,PRD,Product obtained,D2100,Drinking milk,THS_T,Thousand tonnes,PT,Portugal,2007-09,,64.77,,,,,
dataflow,ESTAT:APRO_MK_COLM(1.0),Production of main cows' milk products - monthly data,M,Monthly,PRD,Product obtained,D2100,Drinking milk,THS_T,Thousand tonnes,PT,Portugal,2007-10,,68.3,,,,,
dataflow,ESTAT:APRO_MK_COLM(1.0),Production of main cows' milk products - monthly data,M,Monthly,PRD,Product obtained,D2100,Drinking milk,THS_T,Thousand tonnes,PT,Portugal,2007-11,,64.29,,,,,
dataflow,ESTAT:APRO_MK_COLM(1.0),Production of main cows' milk products - monthly data,M,Monthly,PRD,Product obtained,D2100,Drinking milk,THS_T,Thousand tonnes,PT,Portugal,2007-12,,74.06,,,,,
dataflow,ESTAT:APRO_MK_COLM(1.0),Production of main cows' milk products - monthly data,M,Monthly,PRD,Product obtained,D2100,Drinking milk,THS_T,Thousand tonnes,PT,Portugal,2008-01,,79.07,,,,,
dataflow,ESTAT:APRO_MK_COLM(1.0),Production of main cows' milk products - monthly data,M,Monthly,PRD,Product obtained,D2100,Drinking milk,THS_T,Thousand tonnes,PT,Portugal,2008-02,,83.42,,,,,
dataflow,ESTAT:APRO_MK_COLM(1.0),Production of main cows' milk products - monthly data,M,Monthly,PRD,Product obtained,D2100,Drinking milk,THS_T,Thousand tonnes,PT,Portugal,2008-03,,90.32,,,,,
dataflow,ESTAT:APRO_MK_COLM(1.0),Production of main cows' milk products - monthly data,M,Monthly,PRD,Product obtained,D2100,Drinking milk,THS_T,Thousand tonnes,PT,Portugal,2008-04,,79.15,,,,,
dataflow,ESTAT:APRO_MK_COLM(1.0),Production of main cows' milk products - monthly data,M,Monthly,PRD,Product obtained,D2100,Drinking milk,THS_T,Thousand tonnes,PT,Portugal,2008-05,,77.94,,,,,
dataflow,ESTAT:APRO_MK_COLM(1.0),Production of main cows' milk products - monthly data,M,Monthly,PRD,Product obtained,D2100,Drinking milk,THS_T,Thousand tonnes,PT,Portugal,2008-06,,74.26,,,,,
dataflow,ESTAT:APRO_MK_COLM(1.0),Production of main cows' milk products - monthly data,M,Monthly,PRD,Product obtained,D2100,Drinking milk,THS_T,Thousand tonnes,PT,Portugal,2008-07,,73.28,,,,,
dataflow,ESTAT:APRO_MK_COLM(1.0),Production of main cows' milk products - monthly data,M,Monthly,PRD,Product obtained,D2100,Drinking milk,THS_T,Thousand tonnes,PT,Portugal,2008-08,,66.1,,,,,
dataflow,ESTAT:APRO_MK_COLM(1.0),Production of main cows' milk products - monthly data,M,Monthly,PRD,Product obtained,D2100,Drinking milk,THS_T,Thousand tonnes,PT,Portugal,2008-09,,66.85,,,,,
dataflow,ESTAT:APRO_MK_COLM(1.0),Production of main cows' milk products - monthly data,M,Monthly,PRD,Product obtained,D2100,Drinking milk,THS_T,Thousand tonnes,PT,Portugal,2008-10,,62.24,,,,,
dataflow,ESTAT:APRO_MK_COLM(1.0),Production of main cows' milk products - monthly data,M,Monthly,PRD,Product obtained,D2100,Drinking milk,THS_T,Thousand tonnes,PT,Portugal,2008-11,,61.97,,,,,
dataflow,ESTAT:APRO_MK_COLM(1.0),Production of main cows' milk products - monthly data,M,Monthly,PRD,Product obtained,D2100,Drinking milk,THS_T,Thousand tonnes,PT,Portugal,2008-12,,67.86,,,,,
dataflow,ESTAT:APRO_MK_COLM(1.0),Production of main cows' milk products - monthly data,M,Monthly,PRD,Product obtained,D2100,Drinking milk,THS_T,Thousand tonnes,PT,Portugal,2009-01,,68.36,,,,,
dataflow,ESTAT:APRO_MK_COLM(1.0),Production of main cows' milk products - monthly data,M,Monthly,PRD,Product obtained,D2100,Drinking milk,THS_T,Thousand tonnes,PT,Portugal,2009-02,,64.19,,,,,
dataflow,ESTAT:APRO_MK_COLM(1.0),Production of main cows' milk products - monthly data,M,Monthly,PRD,Product obtained,D2100,Drinking milk,THS_T,Thousand tonnes,PT,Portugal,2009-03,,79.3,,,,,
dataflow,ESTAT:APRO_MK_COLM(1.0),Production of main cows' milk products - monthly data,M,Monthly,PRD,Product obtained,D2100,Drinking milk,THS_T,Thousand tonnes,PT,Portugal,2009-04,,79.58,,,,,
dataflow,ESTAT:APRO_MK_COLM(1.0),Production of main cows' milk products - monthly data,M,Monthly,PRD,Product obtained,D2100,Drinking milk,THS_T,Thousand tonnes,PT,Portugal,2009-05,,81.18,,,,,
dataflow,ESTAT:APRO_MK_COLM(1.0),Production of main cows' milk products - monthly data,M,Monthly,PRD,Product obtained,D2100,Drinking milk,THS_T,Thousand tonnes,PT,Portugal,2009-06,,71.84,,,,,
dataflow,ESTAT:APRO_MK_COLM(1.0),Production of main cows' milk products - monthly data,M,Monthly,PRD,Product obtained,D2100,Drinking milk,THS_T,Thousand tonnes,PT,Portugal,2009-07,,67.92,,,,,
dataflow,ESTAT:APRO_MK_COLM(1.0),Production of main cows' milk products - monthly data,M,Monthly,PRD,Product obtained,D2100,Drinking milk,THS_T,Thousand tonnes,PT,Portugal,2009-08,,62.07,,,,,
dataflow,ESTAT:APRO_MK_COLM(1.0),Production of main cows' milk products - monthly data,M,Monthly,PRD,Product obtained,D2100,Drinking milk,THS_T,Thousand tonnes,PT,Portugal,2009-09,,63.65,,,,,
dataflow,ESTAT:APRO_MK_COLM(1.0),Production of main cows' milk products - monthly data,M,Monthly,PRD,Product obtained,D2100,Drinking milk,THS_T,Thousand tonnes,PT,Portugal,2009-10,,63.3,,,,,
dataflow,ESTAT:APRO_MK_COLM(1.0),Production of main cows' milk products - monthly data,M,Monthly,PRD,Product obtained,D2100,Drinking milk,THS_T,Thousand tonnes,PT,Portugal,2009-11,,64.44,,,,,
dataflow,ESTAT:APRO_MK_COLM(1.0),Production of main cows' milk products - monthly data,M,Monthly,PRD,Product obtained,D2100,Drinking milk,THS_T,Thousand tonnes,PT,Portugal,2009-12,,71.03,,,,,
dataflow,ESTAT:APRO_MK_COLM(1.0),Production of main cows' milk products - monthly data,M,Monthly,PRD,Product obtained,D2100,Drinking milk,THS_T,Thousand tonnes,PT,Portugal,2010-01,,70.26,,,,,
dataflow,ESTAT:APRO_MK_COLM(1.0),Production of main cows' milk products - monthly data,M,Monthly,PRD,Product obtained,D2100,Drinking milk,THS_T,Thousand tonnes,PT,Portugal,2010-02,,66.61,,,,,
dataflow,ESTAT:APRO_MK_COLM(1.0),Production of main cows' milk products - monthly data,M,Monthly,PRD,Product obtained,D2100,Drinking milk,THS_T,Thousand tonnes,PT,Portugal,2010-03,,78.62,,,,,
dataflow,ESTAT:APRO_MK_COLM(1.0),Production of main cows' milk products - monthly data,M,Monthly,PRD,Product obtained,D2100,Drinking milk,THS_T,Thousand tonnes,PT,Portugal,2010-04,,73.54,,,,,
dataflow,ESTAT:APRO_MK_COLM(1.0),Production of main cows' milk products - monthly data,M,Monthly,PRD,Product obtained,D2100,Drinking milk,THS_T,Thousand tonnes,PT,Portugal,2010-05,,76.44,,,,,
dataflow,ESTAT:APRO_MK_COLM(1.0),Production of main cows' milk products - monthly data,M,Monthly,PRD,Product obtained,D2100,Drinking milk,THS_T,Thousand tonnes,PT,Portugal,2010-06,,69.15,,,,,
dataflow,ESTAT:APRO_MK_COLM(1.0),Production of main cows' milk products - monthly data,M,Monthly,PRD,Product obtained,D2100,Drinking milk,THS_T,Thousand tonnes,PT,Portugal,2010-07,,66.04,,,,,
dataflow,ESTAT:APRO_MK_COLM(1.0),Production of main cows' milk products - monthly data,M,Monthly,PRD,Product obtained,D2100,Drinking milk,THS_T,Thousand tonnes,PT,Portugal,2010-08,,68.96,,,,,
dataflow,ESTAT:APRO_MK_COLM(1.0),Production of main cows' milk products - monthly data,M,Monthly,PRD,Product obtained,D2100,Drinking milk,THS_T,Thousand tonnes,PT,Portugal,2010-09,,60.99,,,,,
dataflow,ESTAT:APRO_MK_COLM(1.0),Production of main cows' milk products - monthly data,M,Monthly,PRD,Product obtained,D2100,Drinking milk,THS_T,Thousand tonnes,PT,Portugal,2010-10,,60.46,,,,,
dataflow,ESTAT:APRO_MK_COLM(1.0),Production of main cows' milk products - monthly data,M,Monthly,PRD,Product obtained,D2100,Drinking milk,THS_T,Thousand tonnes,PT,Portugal,2010-11,,64,,,,,
dataflow,ESTAT:APRO_MK_COLM(1.0),Production of main cows' milk products - monthly data,M,Monthly,PRD,Product obtained,D2100,Drinking milk,THS_T,Thousand tonnes,PT,Portugal,2010-12,,77.31,,,,,
dataflow,ESTAT:APRO_MK_COLM(1.0),Production of main cows' milk products - monthly data,M,Monthly,PRD,Product obtained,D2100,Drinking milk,THS_T,Thousand tonnes,PT,Portugal,2011-01,,81.08,,,,,
dataflow,ESTAT:APRO_MK_COLM(1.0),Production of main cows' milk products - monthly data,M,Monthly,PRD,Product obtained,D2100,Drinking milk,THS_T,Thousand tonnes,PT,Portugal,2011-02,,70.87,,,,,
dataflow,ESTAT:APRO_MK_COLM(1.0),Production of main cows' milk products - monthly data,M,Monthly,PRD,Product obtained,D2100,Drinking milk,THS_T,Thousand tonnes,PT,Portugal,2011-03,,75.71,,,,,
dataflow,ESTAT:APRO_MK_COLM(1.0),Production of main cows' milk products - monthly data,M,Monthly,PRD,Product obtained,D2100,Drinking milk,THS_T,Thousand tonnes,PT,Portugal,2011-04,,77.79,,,,,
dataflow,ESTAT:APRO_MK_COLM(1.0),Production of main cows' milk products - monthly data,M,Monthly,PRD,Product obtained,D2100,Drinking milk,THS_T,Thousand tonnes,PT,Portugal,2011-05,,74.71,,,,,
dataflow,ESTAT:APRO_MK_COLM(1.0),Production of main cows' milk products - monthly data,M,Monthly,PRD,Product obtained,D2100,Drinking milk,THS_T,Thousand tonnes,PT,Portugal,2011-06,,68.74,,,,,
dataflow,ESTAT:APRO_MK_COLM(1.0),Production of main cows' milk products - monthly data,M,Monthly,PRD,Product obtained,D2100,Drinking milk,THS_T,Thousand tonnes,PT,Portugal,2011-07,,66.34,,,,,
dataflow,ESTAT:APRO_MK_COLM(1.0),Production of main cows' milk products - monthly data,M,Monthly,PRD,Product obtained,D2100,Drinking milk,THS_T,Thousand tonnes,PT,Portugal,2011-08,,63.88,,,,,
dataflow,ESTAT:APRO_MK_COLM(1.0),Production of main cows' milk products - monthly data,M,Monthly,PRD,Product obtained,D2100,Drinking milk,THS_T,Thousand tonnes,PT,Portugal,2011-09,,68.14,,,,,
dataflow,ESTAT:APRO_MK_COLM(1.0),Production of main cows' milk products - monthly data,M,Monthly,PRD,Product obtained,D2100,Drinking milk,THS_T,Thousand tonnes,PT,Portugal,2011-10,,69.39,,,,,
dataflow,ESTAT:APRO_MK_COLM(1.0),Production of main cows' milk products - monthly data,M,Monthly,PRD,Product obtained,D2100,Drinking milk,THS_T,Thousand tonnes,PT,Portugal,2011-11,,64.51,,,,,
dataflow,ESTAT:APRO_MK_COLM(1.0),Production of main cows' milk products - monthly data,M,Monthly,PRD,Product obtained,D2100,Drinking milk,THS_T,Thousand tonnes,PT,Portugal,2011-12,,71.09,,,,,
dataflow,ESTAT:APRO_MK_COLM(1.0),Production of main cows' milk products - monthly data,M,Monthly,PRD,Product obtained,D2100,Drinking milk,THS_T,Thousand tonnes,PT,Portugal,2012-01,,76.97,,,,,
dataflow,ESTAT:APRO_MK_COLM(1.0),Production of main cows' milk products - monthly data,M,Monthly,PRD,Product obtained,D2100,Drinking milk,THS_T,Thousand tonnes,PT,Portugal,2012-02,,74.37,,,,,
dataflow,ESTAT:APRO_MK_COLM(1.0),Production of main cows' milk products - monthly data,M,Monthly,PRD,Product obtained,D2100,Drinking milk,THS_T,Thousand tonnes,PT,Portugal,2012-03,,77.14,,,,,
dataflow,ESTAT:APRO_MK_COLM(1.0),Production of main cows' milk products - monthly data,M,Monthly,PRD,Product obtained,D2100,Drinking milk,THS_T,Thousand tonnes,PT,Portugal,2012-04,,75.02,,,,,
dataflow,ESTAT:APRO_MK_COLM(1.0),Production of main cows' milk products - monthly data,M,Monthly,PRD,Product obtained,D2100,Drinking milk,THS_T,Thousand tonnes,PT,Portugal,2012-05,,78.52,,,,,
dataflow,ESTAT:APRO_MK_COLM(1.0),Production of main cows' milk products - monthly data,M,Monthly,PRD,Product obtained,D2100,Drinking milk,THS_T,Thousand tonnes,PT,Portugal,2012-06,,71.36,,,,,
dataflow,ESTAT:APRO_MK_COLM(1.0),Production of main cows' milk products - monthly data,M,Monthly,PRD,Product obtained,D2100,Drinking milk,THS_T,Thousand tonnes,PT,Portugal,2012-07,,71.14,,,,,
dataflow,ESTAT:APRO_MK_COLM(1.0),Production of main cows' milk products - monthly data,M,Monthly,PRD,Product obtained,D2100,Drinking milk,THS_T,Thousand tonnes,PT,Portugal,2012-08,,68.54,,,,,
dataflow,ESTAT:APRO_MK_COLM(1.0),Production of main cows' milk products - monthly data,M,Monthly,PRD,Product obtained,D2100,Drinking milk,THS_T,Thousand tonnes,PT,Portugal,2012-09,,60.6,,,,,
dataflow,ESTAT:APRO_MK_COLM(1.0),Production of main cows' milk products - monthly data,M,Monthly,PRD,Product obtained,D2100,Drinking milk,THS_T,Thousand tonnes,PT,Portugal,2012-10,,66.39,,,,,
dataflow,ESTAT:APRO_MK_COLM(1.0),Production of main cows' milk products - monthly data,M,Monthly,PRD,Product obtained,D2100,Drinking milk,THS_T,Thousand tonnes,PT,Portugal,2012-11,,66.28,,,,,
dataflow,ESTAT:APRO_MK_COLM(1.0),Production of main cows' milk products - monthly data,M,Monthly,PRD,Product obtained,D2100,Drinking milk,THS_T,Thousand tonnes,PT,Portugal,2012-12,,71.13,,,,,
dataflow,ESTAT:APRO_MK_COLM(1.0),Production of main cows' milk products - monthly data,M,Monthly,PRD,Product obtained,D2100,Drinking milk,THS_T,Thousand tonnes,PT,Portugal,2013-01,,75.22,,,,,
dataflow,ESTAT:APRO_MK_COLM(1.0),Production of main cows' milk products - monthly data,M,Monthly,PRD,Product obtained,D2100,Drinking milk,THS_T,Thousand tonnes,PT,Portugal,2013-02,,66.79,,,,,
dataflow,ESTAT:APRO_MK_COLM(1.0),Production of main cows' milk products - monthly data,M,Monthly,PRD,Product obtained,D2100,Drinking milk,THS_T,Thousand tonnes,PT,Portugal,2013-03,,74.37,,,,,
dataflow,ESTAT:APRO_MK_COLM(1.0),Production of main cows' milk products - monthly data,M,Monthly,PRD,Product obtained,D2100,Drinking milk,THS_T,Thousand tonnes,PT,Portugal,2013-04,,74.77,,,,,
dataflow,ESTAT:APRO_MK_COLM(1.0),Production of main cows' milk products - monthly data,M,Monthly,PRD,Product obtained,D2100,Drinking milk,THS_T,Thousand tonnes,PT,Portugal,2013-05,,79.89,,,,,
dataflow,ESTAT:APRO_MK_COLM(1.0),Production of main cows' milk products - monthly data,M,Monthly,PRD,Product obtained,D2100,Drinking milk,THS_T,Thousand tonnes,PT,Portugal,2013-06,,74.93,,,,,
dataflow,ESTAT:APRO_MK_COLM(1.0),Production of main cows' milk products - monthly data,M,Monthly,PRD,Product obtained,D2100,Drinking milk,THS_T,Thousand tonnes,PT,Portugal,2013-07,,72.23,,,,,
dataflow,ESTAT:APRO_MK_COLM(1.0),Production of main cows' milk products - monthly data,M,Monthly,PRD,Product obtained,D2100,Drinking milk,THS_T,Thousand tonnes,PT,Portugal,2013-08,,66.93,,,,,
dataflow,ESTAT:APRO_MK_COLM(1.0),Production of main cows' milk products - monthly data,M,Monthly,PRD,Product obtained,D2100,Drinking milk,THS_T,Thousand tonnes,PT,Portugal,2013-09,,60.73,,,,,
dataflow,ESTAT:APRO_MK_COLM(1.0),Production of main cows' milk products - monthly data,M,Monthly,PRD,Product obtained,D2100,Drinking milk,THS_T,Thousand tonnes,PT,Portugal,2013-10,,61.68,,,,,
dataflow,ESTAT:APRO_MK_COLM(1.0),Production of main cows' milk products - monthly data,M,Monthly,PRD,Product obtained,D2100,Drinking milk,THS_T,Thousand tonnes,PT,Portugal,2013-11,,59.46,,,,,
dataflow,ESTAT:APRO_MK_COLM(1.0),Production of main cows' milk products - monthly data,M,Monthly,PRD,Product obtained,D2100,Drinking milk,THS_T,Thousand tonnes,PT,Portugal,2013-12,,70.51,,,,,
dataflow,ESTAT:APRO_MK_COLM(1.0),Production of main cows' milk products - monthly data,M,Monthly,PRD,Product obtained,D2100,Drinking milk,THS_T,Thousand tonnes,PT,Portugal,2014-01,,72.23,,,,,
dataflow,ESTAT:APRO_MK_COLM(1.0),Production of main cows' milk products - monthly data,M,Monthly,PRD,Product obtained,D2100,Drinking milk,THS_T,Thousand tonnes,PT,Portugal,2014-02,,66.49,,,,,
dataflow,ESTAT:APRO_MK_COLM(1.0),Production of main cows' milk products - monthly data,M,Monthly,PRD,Product obtained,D2100,Drinking milk,THS_T,Thousand tonnes,PT,Portugal,2014-03,,76.55,,,,,
dataflow,ESTAT:APRO_MK_COLM(1.0),Production of main cows' milk products - monthly data,M,Monthly,PRD,Product obtained,D2100,Drinking milk,THS_T,Thousand tonnes,PT,Portugal,2014-04,,77.89,,,,,
dataflow,ESTAT:APRO_MK_COLM(1.0),Production of main cows' milk products - monthly data,M,Monthly,PRD,Product obtained,D2100,Drinking milk,THS_T,Thousand tonnes,PT,Portugal,2014-05,,78.49,,,,,
dataflow,ESTAT:APRO_MK_COLM(1.0),Production of main cows' milk products - monthly data,M,Monthly,PRD,Product obtained,D2100,Drinking milk,THS_T,Thousand tonnes,PT,Portugal,2014-06,,67.1,,,,,
dataflow,ESTAT:APRO_MK_COLM(1.0),Production of main cows' milk products - monthly data,M,Monthly,PRD,Product obtained,D2100,Drinking milk,THS_T,Thousand tonnes,PT,Portugal,2014-07,,72.88,,,,,
dataflow,ESTAT:APRO_MK_COLM(1.0),Production of main cows' milk products - monthly data,M,Monthly,PRD,Product obtained,D2100,Drinking milk,THS_T,Thousand tonnes,PT,Portugal,2014-08,,70.18,,,,,
dataflow,ESTAT:APRO_MK_COLM(1.0),Production of main cows' milk products - monthly data,M,Monthly,PRD,Product obtained,D2100,Drinking milk,THS_T,Thousand tonnes,PT,Portugal,2014-09,,64.54,,,,,
dataflow,ESTAT:APRO_MK_COLM(1.0),Production of main cows' milk products - monthly data,M,Monthly,PRD,Product obtained,D2100,Drinking milk,THS_T,Thousand tonnes,PT,Portugal,2014-10,,63.53,,,,,
dataflow,ESTAT:APRO_MK_COLM(1.0),Production of main cows' milk products - monthly data,M,Monthly,PRD,Product obtained,D2100,Drinking milk,THS_T,Thousand tonnes,PT,Portugal,2014-11,,57.9,,,,,
dataflow,ESTAT:APRO_MK_COLM(1.0),Production of main cows' milk products - monthly data,M,Monthly,PRD,Product obtained,D2100,Drinking milk,THS_T,Thousand tonnes,PT,Portugal,2014-12,,64.92,,,,,
dataflow,ESTAT:APRO_MK_COLM(1.0),Production of main cows' milk products - monthly data,M,Monthly,PRD,Product obtained,D2100,Drinking milk,THS_T,Thousand tonnes,PT,Portugal,2015-01,,66.54,,,,,
dataflow,ESTAT:APRO_MK_COLM(1.0),Production of main cows' milk products - monthly data,M,Monthly,PRD,Product obtained,D2100,Drinking milk,THS_T,Thousand tonnes,PT,Portugal,2015-02,,57.05,,,,,
dataflow,ESTAT:APRO_MK_COLM(1.0),Production of main cows' milk products - monthly data,M,Monthly,PRD,Product obtained,D2100,Drinking milk,THS_T,Thousand tonnes,PT,Portugal,2015-03,,69.35,,,,,
dataflow,ESTAT:APRO_MK_COLM(1.0),Production of main cows' milk products - monthly data,M,Monthly,PRD,Product obtained,D2100,Drinking milk,THS_T,Thousand tonnes,PT,Portugal,2015-04,,74.03,,,,,
dataflow,ESTAT:APRO_MK_COLM(1.0),Production of main cows' milk products - monthly data,M,Monthly,PRD,Product obtained,D2100,Drinking milk,THS_T,Thousand tonnes,PT,Portugal,2015-05,,73.06,,,,,
dataflow,ESTAT:APRO_MK_COLM(1.0),Production of main cows' milk products - monthly data,M,Monthly,PRD,Product obtained,D2100,Drinking milk,THS_T,Thousand tonnes,PT,Portugal,2015-06,,67.92,,,,,
dataflow,ESTAT:APRO_MK_COLM(1.0),Production of main cows' milk products - monthly data,M,Monthly,PRD,Product obtained,D2100,Drinking milk,THS_T,Thousand tonnes,PT,Portugal,2015-07,,59.98,,,,,
dataflow,ESTAT:APRO_MK_COLM(1.0),Production of main cows' milk products - monthly data,M,Monthly,PRD,Product obtained,D2100,Drinking milk,THS_T,Thousand tonnes,PT,Portugal,2015-08,,59.34,,,,,
dataflow,ESTAT:APRO_MK_COLM(1.0),Production of main cows' milk products - monthly data,M,Monthly,PRD,Product obtained,D2100,Drinking milk,THS_T,Thousand tonnes,PT,Portugal,2015-09,,52.53,,,,,
dataflow,ESTAT:APRO_MK_COLM(1.0),Production of main cows' milk products - monthly data,M,Monthly,PRD,Product obtained,D2100,Drinking milk,THS_T,Thousand tonnes,PT,Portugal,2015-10,,51.41,,,,,
dataflow,ESTAT:APRO_MK_COLM(1.0),Production of main cows' milk products - monthly data,M,Monthly,PRD,Product obtained,D2100,Drinking milk,THS_T,Thousand tonnes,PT,Portugal,2015-11,,51.43,,,,,
dataflow,ESTAT:APRO_MK_COLM(1.0),Production of main cows' milk products - monthly data,M,Monthly,PRD,Product obtained,D2100,Drinking milk,THS_T,Thousand tonnes,PT,Portugal,2015-12,,58.77,,,,,
dataflow,ESTAT:APRO_MK_COLM(1.0),Production of main cows' milk products - monthly data,M,Monthly,PRD,Product obtained,D2100,Drinking milk,THS_T,Thousand tonnes,PT,Portugal,2016-01,,64.88,,,,,
dataflow,ESTAT:APRO_MK_COLM(1.0),Production of main cows' milk products - monthly data,M,Monthly,PRD,Product obtained,D2100,Drinking milk,THS_T,Thousand tonnes,PT,Portugal,2016-02,,65.81,,,,,
dataflow,ESTAT:APRO_MK_COLM(1.0),Production of main cows' milk products - monthly data,M,Monthly,PRD,Product obtained,D2100,Drinking milk,THS_T,Thousand tonnes,PT,Portugal,2016-03,,64.52,,,,,
dataflow,ESTAT:APRO_MK_COLM(1.0),Production of main cows' milk products - monthly data,M,Monthly,PRD,Product obtained,D2100,Drinking milk,THS_T,Thousand tonnes,PT,Portugal,2016-04,,64.65,,,,,
dataflow,ESTAT:APRO_MK_COLM(1.0),Production of main cows' milk products - monthly data,M,Monthly,PRD,Product obtained,D2100,Drinking milk,THS_T,Thousand tonnes,PT,Portugal,2016-05,,65.49,,,,,
dataflow,ESTAT:APRO_MK_COLM(1.0),Production of main cows' milk products - monthly data,M,Monthly,PRD,Product obtained,D2100,Drinking milk,THS_T,Thousand tonnes,PT,Portugal,2016-06,,59.54,,,,,
dataflow,ESTAT:APRO_MK_COLM(1.0),Production of main cows' milk products - monthly data,M,Monthly,PRD,Product obtained,D2100,Drinking milk,THS_T,Thousand tonnes,PT,Portugal,2016-07,,59.04,,,,,
dataflow,ESTAT:APRO_MK_COLM(1.0),Production of main cows' milk products - monthly data,M,Monthly,PRD,Product obtained,D2100,Drinking milk,THS_T,Thousand tonnes,PT,Portugal,2016-08,,56.52,,,,,
dataflow,ESTAT:APRO_MK_COLM(1.0),Production of main cows' milk products - monthly data,M,Monthly,PRD,Product obtained,D2100,Drinking milk,THS_T,Thousand tonnes,PT,Portugal,2016-09,,53.91,,,,,
dataflow,ESTAT:APRO_MK_COLM(1.0),Production of main cows' milk products - monthly data,M,Monthly,PRD,Product obtained,D2100,Drinking milk,THS_T,Thousand tonnes,PT,Portugal,2016-10,,53.75,,,,,
dataflow,ESTAT:APRO_MK_COLM(1.0),Production of main cows' milk products - monthly data,M,Monthly,PRD,Product obtained,D2100,Drinking milk,THS_T,Thousand tonnes,PT,Portugal,2016-11,,50.23,,,,,
dataflow,ESTAT:APRO_MK_COLM(1.0),Production of main cows' milk products - monthly data,M,Monthly,PRD,Product obtained,D2100,Drinking milk,THS_T,Thousand tonnes,PT,Portugal,2016-12,,57.51,,,,,
dataflow,ESTAT:APRO_MK_COLM(1.0),Production of main cows' milk products - monthly data,M,Monthly,PRD,Product obtained,D2100,Drinking milk,THS_T,Thousand tonnes,PT,Portugal,2017-01,,62.09,,,,,
dataflow,ESTAT:APRO_MK_COLM(1.0),Production of main cows' milk products - monthly data,M,Monthly,PRD,Product obtained,D2100,Drinking milk,THS_T,Thousand tonnes,PT,Portugal,2017-02,,60.31,,,,,
dataflow,ESTAT:APRO_MK_COLM(1.0),Production of main cows' milk products - monthly data,M,Monthly,PRD,Product obtained,D2100,Drinking milk,THS_T,Thousand tonnes,PT,Portugal,2017-03,,66.15,,,,,
dataflow,ESTAT:APRO_MK_COLM(1.0),Production of main cows' milk products - monthly data,M,Monthly,PRD,Product obtained,D2100,Drinking milk,THS_T,Thousand tonnes,PT,Portugal,2017-04,,64.91,,,,,
dataflow,ESTAT:APRO_MK_COLM(1.0),Production of main cows' milk products - monthly data,M,Monthly,PRD,Product obtained,D2100,Drinking milk,THS_T,Thousand tonnes,PT,Portugal,2017-05,,65.86,,,,,
dataflow,ESTAT:APRO_MK_COLM(1.0),Production of main cows' milk products - monthly data,M,Monthly,PRD,Product obtained,D2100,Drinking milk,THS_T,Thousand tonnes,PT,Portugal,2017-06,,59.43,,,,,
dataflow,ESTAT:APRO_MK_COLM(1.0),Production of main cows' milk products - monthly data,M,Monthly,PRD,Product obtained,D2100,Drinking milk,THS_T,Thousand tonnes,PT,Portugal,2017-07,,55.47,,,,,
dataflow,ESTAT:APRO_MK_COLM(1.0),Production of main cows' milk products - monthly data,M,Monthly,PRD,Product obtained,D2100,Drinking milk,THS_T,Thousand tonnes,PT,Portugal,2017-08,,55.18,,,,,
dataflow,ESTAT:APRO_MK_COLM(1.0),Production of main cows' milk products - monthly data,M,Monthly,PRD,Product obtained,D2100,Drinking milk,THS_T,Thousand tonnes,PT,Portugal,2017-09,,51.94,,,,,
dataflow,ESTAT:APRO_MK_COLM(1.0),Production of main cows' milk products - monthly data,M,Monthly,PRD,Product obtained,D2100,Drinking milk,THS_T,Thousand tonnes,PT,Portugal,2017-10,,56.51,,,,,
dataflow,ESTAT:APRO_MK_COLM(1.0),Production of main cows' milk products - monthly data,M,Monthly,PRD,Product obtained,D2100,Drinking milk,THS_T,Thousand tonnes,PT,Portugal,2017-11,,57.73,,,,,
dataflow,ESTAT:APRO_MK_COLM(1.0),Production of main cows' milk products - monthly data,M,Monthly,PRD,Product obtained,D2100,Drinking milk,THS_T,Thousand tonnes,PT,Portugal,2017-12,,65.08,,,,,
dataflow,ESTAT:APRO_MK_COLM(1.0),Production of main cows' milk products - monthly data,M,Monthly,PRD,Product obtained,D2100,Drinking milk,THS_T,Thousand tonnes,PT,Portugal,2018-01,,68.06,,,,,
dataflow,ESTAT:APRO_MK_COLM(1.0),Production of main cows' milk products - monthly data,M,Monthly,PRD,Product obtained,D2100,Drinking milk,THS_T,Thousand tonnes,PT,Portugal,2018-02,,60.06,,,,,
dataflow,ESTAT:APRO_MK_COLM(1.0),Production of main cows' milk products - monthly data,M,Monthly,PRD,Product obtained,D2100,Drinking milk,THS_T,Thousand tonnes,PT,Portugal,2018-03,,67.81,,,,,
dataflow,ESTAT:APRO_MK_COLM(1.0),Production of main cows' milk products - monthly data,M,Monthly,PRD,Product obtained,D2100,Drinking milk,THS_T,Thousand tonnes,PT,Portugal,2018-04,,71.19,,,,,
dataflow,ESTAT:APRO_MK_COLM(1.0),Production of main cows' milk products - monthly data,M,Monthly,PRD,Product obtained,D2100,Drinking milk,THS_T,Thousand tonnes,PT,Portugal,2018-05,,72.68,,,,,
dataflow,ESTAT:APRO_MK_COLM(1.0),Production of main cows' milk products - monthly data,M,Monthly,PRD,Product obtained,D2100,Drinking milk,THS_T,Thousand tonnes,PT,Portugal,2018-06,,67.05,,,,,
dataflow,ESTAT:APRO_MK_COLM(1.0),Production of main cows' milk products - monthly data,M,Monthly,PRD,Product obtained,D2100,Drinking milk,THS_T,Thousand tonnes,PT,Portugal,2018-07,,62.09,,,,,
dataflow,ESTAT:APRO_MK_COLM(1.0),Production of main cows' milk products - monthly data,M,Monthly,PRD,Product obtained,D2100,Drinking milk,THS_T,Thousand tonnes,PT,Portugal,2018-08,,61.14,,,,,
dataflow,ESTAT:APRO_MK_COLM(1.0),Production of main cows' milk products - monthly data,M,Monthly,PRD,Product obtained,D2100,Drinking milk,THS_T,Thousand tonnes,PT,Portugal,2018-09,,54.54,,,,,
dataflow,ESTAT:APRO_MK_COLM(1.0),Production of main cows' milk products - monthly data,M,Monthly,PRD,Product obtained,D2100,Drinking milk,THS_T,Thousand tonnes,PT,Portugal,2018-10,,56.81,,,,,
dataflow,ESTAT:APRO_MK_COLM(1.0),Production of main cows' milk products - monthly data,M,Monthly,PRD,Product obtained,D2100,Drinking milk,THS_T,Thousand tonnes,PT,Portugal,2018-11,,58.32,,,,,
dataflow,ESTAT:APRO_MK_COLM(1.0),Production of main cows' milk products - monthly data,M,Monthly,PRD,Product obtained,D2100,Drinking milk,THS_T,Thousand tonnes,PT,Portugal,2018-12,,66.49,,,,,
dataflow,ESTAT:APRO_MK_COLM(1.0),Production of main cows' milk products - monthly data,M,Monthly,PRD,Product obtained,D2100,Drinking milk,THS_T,Thousand tonnes,PT,Portugal,2019-01,,64.46,,,,,
dataflow,ESTAT:APRO_MK_COLM(1.0),Production of main cows' milk products - monthly data,M,Monthly,PRD,Product obtained,D2100,Drinking milk,THS_T,Thousand tonnes,PT,Portugal,2019-02,,57.6,,,,,
dataflow,ESTAT:APRO_MK_COLM(1.0),Production of main cows' milk products - monthly data,M,Monthly,PRD,Product obtained,D2100,Drinking milk,THS_T,Thousand tonnes,PT,Portugal,2019-03,,65.99,,,,,
dataflow,ESTAT:APRO_MK_COLM(1.0),Production of main cows' milk products - monthly data,M,Monthly,PRD,Product obtained,D2100,Drinking milk,THS_T,Thousand tonnes,PT,Portugal,2019-04,,65.67,,,,,
dataflow,ESTAT:APRO_MK_COLM(1.0),Production of main cows' milk products - monthly data,M,Monthly,PRD,Product obtained,D2100,Drinking milk,THS_T,Thousand tonnes,PT,Portugal,2019-05,,67.1,,,,,
dataflow,ESTAT:APRO_MK_COLM(1.0),Production of main cows' milk products - monthly data,M,Monthly,PRD,Product obtained,D2100,Drinking milk,THS_T,Thousand tonnes,PT,Portugal,2019-06,,57.11,,,,,
dataflow,ESTAT:APRO_MK_COLM(1.0),Production of main cows' milk products - monthly data,M,Monthly,PRD,Product obtained,D2100,Drinking milk,THS_T,Thousand tonnes,PT,Portugal,2019-07,,56.29,,,,,
dataflow,ESTAT:APRO_MK_COLM(1.0),Production of main cows' milk products - monthly data,M,Monthly,PRD,Product obtained,D2100,Drinking milk,THS_T,Thousand tonnes,PT,Portugal,2019-08,,51.11,,,,,
dataflow,ESTAT:APRO_MK_COLM(1.0),Production of main cows' milk products - monthly data,M,Monthly,PRD,Product obtained,D2100,Drinking milk,THS_T,Thousand tonnes,PT,Portugal,2019-09,,48.08,,,,,
dataflow,ESTAT:APRO_MK_COLM(1.0),Production of main cows' milk products - monthly data,M,Monthly,PRD,Product obtained,D2100,Drinking milk,THS_T,Thousand tonnes,PT,Portugal,2019-10,,49.19,,,,,
dataflow,ESTAT:APRO_MK_COLM(1.0),Production of main cows' milk products - monthly data,M,Monthly,PRD,Product obtained,D2100,Drinking milk,THS_T,Thousand tonnes,PT,Portugal,2019-11,,53.72,,,,,
dataflow,ESTAT:APRO_MK_COLM(1.0),Production of main cows' milk products - monthly data,M,Monthly,PRD,Product obtained,D2100,Drinking milk,THS_T,Thousand tonnes,PT,Portugal,2019-12,,59.66,,,,,
dataflow,ESTAT:APRO_MK_COLM(1.0),Production of main cows' milk products - monthly data,M,Monthly,PRD,Product obtained,D2100,Drinking milk,THS_T,Thousand tonnes,PT,Portugal,2020-01,,65.17,,,,,
dataflow,ESTAT:APRO_MK_COLM(1.0),Production of main cows' milk products - monthly data,M,Monthly,PRD,Product obtained,D2100,Drinking milk,THS_T,Thousand tonnes,PT,Portugal,2020-02,,60.86,,,,,
dataflow,ESTAT:APRO_MK_COLM(1.0),Production of main cows' milk products - monthly data,M,Monthly,PRD,Product obtained,D2100,Drinking milk,THS_T,Thousand tonnes,PT,Portugal,2020-03,,67,,,,,
dataflow,ESTAT:APRO_MK_COLM(1.0),Production of main cows' milk products - monthly data,M,Monthly,PRD,Product obtained,D2100,Drinking milk,THS_T,Thousand tonnes,PT,Portugal,2020-04,,64.92,,,,,
dataflow,ESTAT:APRO_MK_COLM(1.0),Production of main cows' milk products - monthly data,M,Monthly,PRD,Product obtained,D2100,Drinking milk,THS_T,Thousand tonnes,PT,Portugal,2020-05,,65.09,,,,,
dataflow,ESTAT:APRO_MK_COLM(1.0),Production of main cows' milk products - monthly data,M,Monthly,PRD,Product obtained,D2100,Drinking milk,THS_T,Thousand tonnes,PT,Portugal,2020-06,,63.33,,,,,
dataflow,ESTAT:APRO_MK_COLM(1.0),Production of main cows' milk products - monthly data,M,Monthly,PRD,Product obtained,D2100,Drinking milk,THS_T,Thousand tonnes,PT,Portugal,2020-07,,60.63,,,,,
dataflow,ESTAT:APRO_MK_COLM(1.0),Production of main cows' milk products - monthly data,M,Monthly,PRD,Product obtained,D2100,Drinking milk,THS_T,Thousand tonnes,PT,Portugal,2020-08,,52.6,,,,,
dataflow,ESTAT:APRO_MK_COLM(1.0),Production of main cows' milk products - monthly data,M,Monthly,PRD,Product obtained,D2100,Drinking milk,THS_T,Thousand tonnes,PT,Portugal,2020-09,,50.15,,,,,
dataflow,ESTAT:APRO_MK_COLM(1.0),Production of main cows' milk products - monthly data,M,Monthly,PRD,Product obtained,D2100,Drinking milk,THS_T,Thousand tonnes,PT,Portugal,2020-10,,50.82,,,,,
dataflow,ESTAT:APRO_MK_COLM(1.0),Production of main cows' milk products - monthly data,M,Monthly,PRD,Product obtained,D2100,Drinking milk,THS_T,Thousand tonnes,PT,Portugal,2020-11,,52.28,,,,,
dataflow,ESTAT:APRO_MK_COLM(1.0),Production of main cows' milk products - monthly data,M,Monthly,PRD,Product obtained,D2100,Drinking milk,THS_T,Thousand tonnes,PT,Portugal,2020-12,,61.7,,,,,
dataflow,ESTAT:APRO_MK_COLM(1.0),Production of main cows' milk products - monthly data,M,Monthly,PRD,Product obtained,D2100,Drinking milk,THS_T,Thousand tonnes,PT,Portugal,2021-01,,58.62,,,,,
dataflow,ESTAT:APRO_MK_COLM(1.0),Production of main cows' milk products - monthly data,M,Monthly,PRD,Product obtained,D2100,Drinking milk,THS_T,Thousand tonnes,PT,Portugal,2021-02,,55.78,,,,,
dataflow,ESTAT:APRO_MK_COLM(1.0),Production of main cows' milk products - monthly data,M,Monthly,PRD,Product obtained,D2100,Drinking milk,THS_T,Thousand tonnes,PT,Portugal,2021-03,,63.96,,,,,
dataflow,ESTAT:APRO_MK_COLM(1.0),Production of main cows' milk products - monthly data,M,Monthly,PRD,Product obtained,D2100,Drinking milk,THS_T,Thousand tonnes,PT,Portugal,2021-04,,63.08,,,,,
dataflow,ESTAT:APRO_MK_COLM(1.0),Production of main cows' milk products - monthly data,M,Monthly,PRD,Product obtained,D2100,Drinking milk,THS_T,Thousand tonnes,PT,Portugal,2021-05,,64.26,,,,,
dataflow,ESTAT:APRO_MK_COLM(1.0),Production of main cows' milk products - monthly data,M,Monthly,PRD,Product obtained,D2100,Drinking milk,THS_T,Thousand tonnes,PT,Portugal,2021-06,,60.49,,,,,
dataflow,ESTAT:APRO_MK_COLM(1.0),Production of main cows' milk products - monthly data,M,Monthly,PRD,Product obtained,D2100,Drinking milk,THS_T,Thousand tonnes,PT,Portugal,2021-07,,58.38,,,,,
dataflow,ESTAT:APRO_MK_COLM(1.0),Production of main cows' milk products - monthly data,M,Monthly,PRD,Product obtained,D2100,Drinking milk,THS_T,Thousand tonnes,PT,Portugal,2021-08,,52.06,,,,,
dataflow,ESTAT:APRO_MK_COLM(1.0),Production of main cows' milk products - monthly data,M,Monthly,PRD,Product obtained,D2100,Drinking milk,THS_T,Thousand tonnes,PT,Portugal,2021-09,,44,,,,,
dataflow,ESTAT:APRO_MK_COLM(1.0),Production of main cows' milk products - monthly data,M,Monthly,PRD,Product obtained,D2100,Drinking milk,THS_T,Thousand tonnes,PT,Portugal,2021-10,,44.23,,,,,
dataflow,ESTAT:APRO_MK_COLM(1.0),Production of main cows' milk products - monthly data,M,Monthly,PRD,Product obtained,D2100,Drinking milk,THS_T,Thousand tonnes,PT,Portugal,2021-11,,47.51,,,,,
dataflow,ESTAT:APRO_MK_COLM(1.0),Production of main cows' milk products - monthly data,M,Monthly,PRD,Product obtained,D2100,Drinking milk,THS_T,Thousand tonnes,PT,Portugal,2021-12,,50.34,,,,,
dataflow,ESTAT:APRO_MK_COLM(1.0),Production of main cows' milk products - monthly data,M,Monthly,PRD,Product obtained,D2100,Drinking milk,THS_T,Thousand tonnes,PT,Portugal,2022-01,,52.62,,,,,
dataflow,ESTAT:APRO_MK_COLM(1.0),Production of main cows' milk products - monthly data,M,Monthly,PRD,Product obtained,D2100,Drinking milk,THS_T,Thousand tonnes,PT,Portugal,2022-02,,47.9,,,,,
dataflow,ESTAT:APRO_MK_COLM(1.0),Production of main cows' milk products - monthly data,M,Monthly,PRD,Product obtained,D2100,Drinking milk,THS_T,Thousand tonnes,PT,Portugal,2022-03,,60.44,,,,,
dataflow,ESTAT:APRO_MK_COLM(1.0),Production of main cows' milk products - monthly data,M,Monthly,PRD,Product obtained,D2100,Drinking milk,THS_T,Thousand tonnes,PT,Portugal,2022-04,,61.27,,,,,
dataflow,ESTAT:APRO_MK_COLM(1.0),Production of main cows' milk products - monthly data,M,Monthly,PRD,Product obtained,D2100,Drinking milk,THS_T,Thousand tonnes,PT,Portugal,2022-05,,58.05,,,,,
dataflow,ESTAT:APRO_MK_COLM(1.0),Production of main cows' milk products - monthly data,M,Monthly,PRD,Product obtained,D2100,Drinking milk,THS_T,Thousand tonnes,PT,Portugal,2022-06,,48.63,,,,,
dataflow,ESTAT:APRO_MK_COLM(1.0),Production of main cows' milk products - monthly data,M,Monthly,PRD,Product obtained,D2100,Drinking milk,THS_T,Thousand tonnes,PT,Portugal,2022-07,,50.88,,,,,
dataflow,ESTAT:APRO_MK_COLM(1.0),Production of main cows' milk products - monthly data,M,Monthly,PRD,Product obtained,D2100,Drinking milk,THS_T,Thousand tonnes,PT,Portugal,2022-08,,50.7,,,,,
dataflow,ESTAT:APRO_MK_COLM(1.0),Production of main cows' milk products - monthly data,M,Monthly,PRD,Product obtained,D2100,Drinking milk,THS_T,Thousand tonnes,PT,Portugal,2022-09,,47.91,,,,,
dataflow,ESTAT:APRO_MK_COLM(1.0),Production of main cows' milk products - monthly data,M,Monthly,PRD,Product obtained,D2100,Drinking milk,THS_T,Thousand tonnes,PT,Portugal,2022-10,,55.3,,,,,
dataflow,ESTAT:APRO_MK_COLM(1.0),Production of main cows' milk products - monthly data,M,Monthly,PRD,Product obtained,D2100,Drinking milk,THS_T,Thousand tonnes,PT,Portugal,2022-11,,56.7,,,,,
dataflow,ESTAT:APRO_MK_COLM(1.0),Production of main cows' milk products - monthly data,M,Monthly,PRD,Product obtained,D2100,Drinking milk,THS_T,Thousand tonnes,PT,Portugal,2022-12,,57.92,,,,,
dataflow,ESTAT:APRO_MK_COLM(1.0),Production of main cows' milk products - monthly data,M,Monthly,PRD,Product obtained,D2100,Drinking milk,THS_T,Thousand tonnes,PT,Portugal,2023-01,,61.18,,,,,
dataflow,ESTAT:APRO_MK_COLM(1.0),Production of main cows' milk products - monthly data,M,Monthly,PRD,Product obtained,D2100,Drinking milk,THS_T,Thousand tonnes,PT,Portugal,2023-02,,58.28,,,,,
dataflow,ESTAT:APRO_MK_COLM(1.0),Production of main cows' milk products - monthly data,M,Monthly,PRD,Product obtained,D2100,Drinking milk,THS_T,Thousand tonnes,PT,Portugal,2023-03,,61.9,,,,,
dataflow,ESTAT:APRO_MK_COLM(1.0),Production of main cows' milk products - monthly data,M,Monthly,PRD,Product obtained,D2100,Drinking milk,THS_T,Thousand tonnes,PT,Portugal,2023-04,,60.55,,,,,
dataflow,ESTAT:APRO_MK_COLM(1.0),Production of main cows' milk products - monthly data,M,Monthly,PRD,Product obtained,D2100,Drinking milk,THS_T,Thousand tonnes,PT,Portugal,2023-05,,60.75,,,,,
dataflow,ESTAT:APRO_MK_COLM(1.0),Production of main cows' milk products - monthly data,M,Monthly,PRD,Product obtained,D2100,Drinking milk,THS_T,Thousand tonnes,PT,Portugal,2023-06,,55.94,,,,,
dataflow,ESTAT:APRO_MK_COLM(1.0),Production of main cows' milk products - monthly data,M,Monthly,PRD,Product obtained,D2100,Drinking milk,THS_T,Thousand tonnes,PT,Portugal,2023-07,,55.1,,,,,
dataflow,ESTAT:APRO_MK_COLM(1.0),Production of main cows' milk products - monthly data,M,Monthly,PRD,Product obtained,D2100,Drinking milk,THS_T,Thousand tonnes,PT,Portugal,2023-08,,50.75,,,,,
dataflow,ESTAT:APRO_MK_COLM(1.0),Production of main cows' milk products - monthly data,M,Monthly,PRD,Product obtained,D2100,Drinking milk,THS_T,Thousand tonnes,PT,Portugal,2023-09,,50.68,,,,,
dataflow,ESTAT:APRO_MK_COLM(1.0),Production of main cows' milk products - monthly data,M,Monthly,PRD,Product obtained,D2100,Drinking milk,THS_T,Thousand tonnes,PT,Portugal,2023-10,,47.99,,,,,
dataflow,ESTAT:APRO_MK_COLM(1.0),Production of main cows' milk products - monthly data,M,Monthly,PRD,Product obtained,D2100,Drinking milk,THS_T,Thousand tonnes,PT,Portugal,2023-11,,51,,,,,
dataflow,ESTAT:APRO_MK_COLM(1.0),Production of main cows' milk products - monthly data,M,Monthly,PRD,Product obtained,D2100,Drinking milk,THS_T,Thousand tonnes,PT,Portugal,2023-12,,53.75,,,,,
dataflow,ESTAT:APRO_MK_COLM(1.0),Production of main cows' milk products - monthly data,M,Monthly,PRD,Product obtained,D2100,Drinking milk,THS_T,Thousand tonnes,PT,Portugal,2024-01,,54.01,,,,,
dataflow,ESTAT:APRO_MK_COLM(1.0),Production of main cows' milk products - monthly data,M,Monthly,PRD,Product obtained,D2100,Drinking milk,THS_T,Thousand tonnes,PT,Portugal,2024-02,,52.71,,,,,
dataflow,ESTAT:APRO_MK_COLM(1.0),Production of main cows' milk products - monthly data,M,Monthly,PRD,Product obtained,D2100,Drinking milk,THS_T,Thousand tonnes,PT,Portugal,2024-03,,56.91,,,,,
dataflow,ESTAT:APRO_MK_COLM(1.0),Production of main cows' milk products - monthly data,M,Monthly,PRD,Product obtained,D2100,Drinking milk,THS_T,Thousand tonnes,PT,Portugal,2024-04,,57.98,,,,,
dataflow,ESTAT:APRO_MK_COLM(1.0),Production of main cows' milk products - monthly data,M,Monthly,PRD,Product obtained,D2100,Drinking milk,THS_T,Thousand tonnes,PT,Portugal,2024-05,,59.21,,,,,
dataflow,ESTAT:APRO_MK_COLM(1.0),Production of main cows' milk products - monthly data,M,Monthly,PRD,Product obtained,D2100,Drinking milk,THS_T,Thousand tonnes,PT,Portugal,2024-06,,55.33,,,,,
dataflow,ESTAT:APRO_MK_COLM(1.0),Production of main cows' milk products - monthly data,M,Monthly,PRD,Product obtained,D2100,Drinking milk,THS_T,Thousand tonnes,PT,Portugal,2024-07,,50.22,,,,,
dataflow,ESTAT:APRO_MK_COLM(1.0),Production of main cows' milk products - monthly data,M,Monthly,PRD,Product obtained,D2100,Drinking milk,THS_T,Thousand tonnes,PT,Portugal,2024-08,,45.14,,,,,
dataflow,ESTAT:APRO_MK_COLM(1.0),Production of main cows' milk products - monthly data,M,Monthly,PRD,Product obtained,D2100,Drinking milk,THS_T,Thousand tonnes,PT,Portugal,2024-09,,42.77,,,,,
dataflow,ESTAT:APRO_MK_COLM(1.0),Production of main cows' milk products - monthly data,M,Monthly,PRD,Product obtained,D2100,Drinking milk,THS_T,Thousand tonnes,PT,Portugal,2024-10,,39.33,,,,,
dataflow,ESTAT:APRO_MK_COLM(1.0),Production of main cows' milk products - monthly data,M,Monthly,PRD,Product obtained,D2100,Drinking milk,THS_T,Thousand tonnes,PT,Portugal,2024-11,,47.25,,,,,
dataflow,ESTAT:APRO_MK_COLM(1.0),Production of main cows' milk products - monthly data,M,Monthly,PRD,Product obtained,D2100,Drinking milk,THS_T,Thousand tonnes,PT,Portugal,2024-12,,51.96,,,,,
dataflow,ESTAT:APRO_MK_COLM(1.0),Production of main cows' milk products - monthly data,M,Monthly,PRD,Product obtained,D2100,Drinking milk,THS_T,Thousand tonnes,PT,Portugal,2025-01,,54.27,,,,,
dataflow,ESTAT:APRO_MK_COLM(1.0),Production of main cows' milk products - monthly data,M,Monthly,PRD,Product obtained,D2100,Drinking milk,THS_T,Thousand tonnes,PT,Portugal,2025-02,,51.76,,,,,
dataflow,ESTAT:APRO_MK_COLM(1.0),Production of main cows' milk products - monthly data,M,Monthly,PRD,Product obtained,D2100,Drinking milk,THS_T,Thousand tonnes,PT,Portugal,2025-03,,56.5,,,,,
dataflow,ESTAT:APRO_MK_COLM(1.0),Production of main cows' milk products - monthly data,M,Monthly,PRD,Product obtained,D2100,Drinking milk,THS_T,Thousand tonnes,PT,Portugal,2025-04,,51.1,,,,,
dataflow,ESTAT:APRO_MK_COLM(1.0),Production of main cows' milk products - monthly data,M,Monthly,PRD,Product obtained,D2100,Drinking milk,THS_T,Thousand tonnes,PT,Portugal,2025-05,,53.26,,,,,
dataflow,ESTAT:APRO_MK_COLM(1.0),Production of main cows' milk products - monthly data,M,Monthly,PRD,Product obtained,D2100,Drinking milk,THS_T,Thousand tonnes,PT,Portugal,2025-06,,49.17,,,,,
dataflow,ESTAT:APRO_MK_COLM(1.0),Production of main cows' milk products - monthly data,M,Monthly,PRD,Product obtained,D2100,Drinking milk,THS_T,Thousand tonnes,PT,Portugal,2025-07,,46.08,,,,,
dataflow,ESTAT:APRO_MK_COLM(1.0),Production of main cows' milk products - monthly data,M,Monthly,PRD,Product obtained,D2100,Drinking milk,THS_T,Thousand tonnes,PT,Portugal,2025-08,,45.95,,,,,
dataflow,ESTAT:APRO_MK_COLM(1.0),Production of main cows' milk products - monthly data,M,Monthly,PRD,Product obtained,D2100,Drinking milk,THS_T,Thousand tonnes,PT,Portugal,2025-09,,46.75,,,,,
dataflow,ESTAT:APRO_MK_COLM(1.0),Production of main cows' milk products - monthly data,M,Monthly,PRD,Product obtained,D2100,Drinking milk,THS_T,Thousand tonnes,PT,Portugal,2025-10,,51.39,,,,,
dataflow,ESTAT:APRO_MK_COLM(1.0),Production of main cows' milk products - monthly data,M,Monthly,PRD,Product obtained,D2100,Drinking milk,THS_T,Thousand tonnes,PT,Portugal,2025-11,,50.47,,,,,
dataflow,ESTAT:APRO_MK_COLM(1.0),Production of main cows' milk products - monthly data,M,Monthly,PRD,Product obtained,D2100,Drinking milk,THS_T,Thousand tonnes,PT,Portugal,2025-12,,56.44,,,,,
dataflow,ESTAT:APRO_MK_COLM(1.0),Production of main cows' milk products - monthly data,M,Monthly,PRD,Product obtained,D2100,Drinking milk,THS_T,Thousand tonnes,PT,Portugal,2026-01,,56.87,,,,,
dataflow,ESTAT:APRO_MK_COLM(1.0),Production of main cows' milk products - monthly data,M,Monthly,PRD,Product obtained,D2100,Drinking milk,THS_T,Thousand tonnes,PT,Portugal,2026-02,,54.09,,,,,
